未登録,10,10,-100000,名詞,*,*,*,*,未登録,未登録,未登録,
のはどれか。,10,10,-5000,その他,文末,*,*,*,のはどれか。,のはどれか。,のはどれか。,
はどれか。,10,10,-5000,その他,文末,*,*,*,はどれか。,はどれか。,はどれか。,
2つ選べ。,10,10,-50000,その他,文末,*,*,*,2つ選べ。,2つ選べ。,2つ選べ。,
3つ選べ。,10,10,-50000,その他,文末,*,*,*,3つ選べ。,3つ選べ。,3つ選べ。,
/分,10,10,10,名詞,単位,*,*,*,*,/分,/分,/分
L/分,10,10,10,名詞,単位,*,*,*,*,L/分,L/分,L/分
g/dL,10,10,1,名詞,単位,*,*,*,*,g/dL,g/dL,g/dL
μg/mL,10,10,1,名詞,単位,*,*,*,*,μg/mL,μg/mL,μg/mL
mg/dL,10,10,1,名詞,単位,*,*,*,*,mg/dL,mg/dL,mg/dL
mg/dl,10,10,1,名詞,単位,*,*,*,*,mg/dL,mg/dL,mg/dL
mg/L,10,10,1,名詞,単位,*,*,*,*,mg/L,mg/L,mg/L
mg/l,10,10,1,名詞,単位,*,*,*,*,mg/L,mg/L,mg/L
pg/mL,10,10,1,名詞,単位,*,*,*,*,pg/mL,pg/mL,pg/mL
mEq/L,10,10,1,名詞,単位,*,*,*,*,mEq/L,mEq/L,mEq/L
U/L,10,10,1,名詞,単位,*,*,*,*,U/L,U/L,U/L
U/mL,10,10,10,名詞,単位,*,*,*,*,U/mL,U/mL,U/mL
cm,10,10,10,名詞,単位,*,*,*,*,cm,cm,cm
mm,10,10,10,名詞,単位,*,*,*,*,mm,mm,mm
日目,10,10,-50000000,名詞,単位,*,*,*,*,日目,日目,日目
年前,10,10,-50000000,名詞,単位,*,*,*,*,年前,年前,年前
か月前,10,10,-50000000,名詞,単位,*,*,*,*,か月前,か月前,か月前
（基準0.9?1.1）,10,10,10,名詞,その他,基準値,*,*,*,（基準0.9?1.1）,（基準0.9?1.1）,（基準0.9?1.1）
（基準30?140）,10,10,10,名詞,その他,基準値,*,*,*,（基準30?140）,（基準30?140）,（基準30?140）
（基準対照32.2）,10,10,10,名詞,その他,基準値,*,*,*,（基準対照32.2）,（基準対照32.2）,（基準対照32.2）
（基準1.0以下）,10,10,10,名詞,その他,基準値,*,*,*,（基準1.0以下）,（基準1.0以下）,（基準1.0以下）
身長,10,10,10,名詞,所見,*,*,*,*,身長,身長,身長
体重,10,10,10,名詞,所見,*,*,*,*,体重,体重,体重
体温,10,10,10,名詞,所見,*,*,*,*,体温,体温,体温
心拍数,10,10,10,名詞,所見,*,*,*,*,心拍数,心拍数,心拍数
脈拍,10,10,10,名詞,所見,*,*,*,*,心拍数,心拍数,心拍数
呼吸数,10,10,10,名詞,所見,*,*,*,*,呼吸数,呼吸数,呼吸数
血圧,10,10,10,名詞,所見,*,*,*,*,血圧,血圧,血圧
SpO2,10,10,10,名詞,所見,*,*,*,*,SpO2,SpO2,SpO2
赤沈,10,10,10,名詞,所見,*,*,*,*,赤沈,赤沈,赤沈
赤血球,10,10,10,名詞,所見,*,*,*,*,赤血球,赤血球,赤血球
Hb,10,10,10,名詞,所見,*,*,*,*,ヘモグロビン<Hb>,ヘモグロビン<Hb>,ヘモグロビン<Hb>
Ht,10,10,10,名詞,所見,*,*,*,*,ヘマトクリット<Ht>,ヘマトクリット<Ht>,ヘマトクリット<Ht>
平均赤血球容積<MCV>,10,10,10,名詞,所見,*,*,*,*,平均赤血球容積<MCV>,平均赤血球容積<MCV>,平均赤血球容積<MCV>
平均赤血球ヘモグロビン<MCH>,10,10,10,名詞,所見,*,*,*,*,平均赤血球ヘモグロビン<MCH>,平均赤血球ヘモグロビン<MCH>,平均赤血球ヘモグロビン<MCH>
平均赤血球ヘモグロビン濃度<MCHC>,10,10,10,名詞,所見,*,*,*,*,平均赤血球ヘモグロビン濃度<MCHC>,平均赤血球ヘモグロビン濃度<MCHC>,平均赤血球ヘモグロビン濃度<MCHC>
網赤血球,10,10,10,名詞,所見,*,*,*,*,網赤血球,網赤血球,網赤血球
白血球,10,10,10,名詞,所見,*,*,*,*,白血球,白血球,白血球
白血球分画,10,10,10,名詞,所見,*,*,*,*,白血球分画,白血球分画,白血球分画
好中球,10,10,10,名詞,所見,*,*,*,*,好中球,好中球,好中球
桿状核好中球,10,10,10,名詞,所見,*,*,*,*,桿状核好中球,桿状核好中球,桿状核好中球
分葉核好中球,10,10,10,名詞,所見,*,*,*,*,分葉核好中球,分葉核好中球,分葉核好中球
好酸球,10,10,10,名詞,所見,*,*,*,*,好酸球,好酸球,好酸球
好塩基球,10,10,10,名詞,所見,*,*,*,*,好塩基球,好塩基球,好塩基球
単球,10,10,10,名詞,所見,*,*,*,*,単球,単球,単球
リンパ球,10,10,10,名詞,所見,*,*,*,*,リンパ球,リンパ球,リンパ球
血小板,10,10,10,名詞,所見,*,*,*,*,血小板,血小板,血小板
末梢血・骨髄血塗抹,10,10,10,名詞,所見,*,*,*,*,末梢血・骨髄血塗抹,末梢血・骨髄血塗抹,末梢血・骨髄血塗抹
出血時間,10,10,10,名詞,所見,*,*,*,*,出血時間,出血時間,出血時間
プロトロンビン時間<  PT>,10,10,10,名詞,所見,*,*,*,*,プロトロンビン時間<PT>,プロトロンビン時間<PT>,プロトロンビン時間<PT>
PT-INR,10,10,10,名詞,所見,*,*,*,*,PT-INR,PT-INR,PT-INR
活性化部分トロンボプラスチン時間<APTT>,10,10,10,名詞,所見,*,*,*,*,活性化部分トロンボプラスチン時間<APTT>,活性化部分トロンボプラスチン時間<APTT>,活性化部分トロンボプラスチン時間<APTT>
血漿アンチトロンビン,10,10,10,名詞,所見,*,*,*,*,血漿アンチトロンビン,血漿アンチトロンビン,血漿アンチトロンビン
トロンビン・アンチトロンビン複合体<TAT>,10,10,10,名詞,所見,*,*,*,*,トロンビン・アンチトロンビン複合体<TAT>,トロンビン・アンチトロンビン複合体<TAT>,トロンビン・アンチトロンビン複合体<TAT>
血漿フィブリノゲン,10,10,10,名詞,所見,*,*,*,*,血漿フィブリノゲン,血漿フィブリノゲン,血漿フィブリノゲン
血清FDP,10,10,10,名詞,所見,*,*,*,*,血清FDP,血清FDP,血清FDP
Dダイマー,10,10,10,名詞,所見,*,*,*,*,Dダイマー,Dダイマー,Dダイマー
プラスミン・プラスミンインヒビター複合体<PlC>,10,10,10,名詞,所見,*,*,*,*,プラスミン・プラスミンインヒビター複合体<PlC>,プラスミン・プラスミンインヒビター複合体<PlC>,プラスミン・プラスミンインヒビター複合体<PlC>
血小板凝集能,10,10,10,名詞,所見,*,*,*,*,血小板凝集能,血小板凝集能,血小板凝集能
Na,10,10,10,名詞,所見,*,*,*,*,Na,Na,Na
K,10,10,10,名詞,所見,*,*,*,*,K,K,K
Cl,10,10,10,名詞,所見,*,*,*,*,Cl,Cl,Cl
Ca,10,10,10,名詞,所見,*,*,*,*,Ca,Ca,Ca
P,10,10,10,名詞,所見,*,*,*,*,P,P,P
Mg,10,10,10,名詞,所見,*,*,*,*,Mg,Mg,Mg
浸透圧,10,10,10,名詞,所見,*,*,*,*,浸透圧,浸透圧,浸透圧
Cu,10,10,10,名詞,所見,*,*,*,*,Cu,Cu,Cu
Fe,10,10,10,名詞,所見,*,*,*,*,Fe,Fe,Fe
総鉄結合能<TIBC>,10,10,10,名詞,所見,*,*,*,*,総鉄結合能<TIBC>,総鉄結合能<TIBC>,総鉄結合能<TIBC>
不飽和鉄結合能<UIBC>,10,10,10,名詞,所見,*,*,*,*,不飽和鉄結合能<UIBC>,不飽和鉄結合能<UIBC>,不飽和鉄結合能<UIBC>
ビタミンB1,10,10,10,名詞,所見,*,*,*,*,ビタミンB1,ビタミンB1,ビタミンB1
ビタミンB12,10,10,10,名詞,所見,*,*,*,*,ビタミンB12,ビタミンB12,ビタミンB12
葉酸,10,10,10,名詞,所見,*,*,*,*,葉酸,葉酸,葉酸
甲状腺刺激ホルモン<TSH>,10,10,10,名詞,所見,*,*,*,*,甲状腺刺激ホルモン<TSH>,甲状腺刺激ホルモン<TSH>,甲状腺刺激ホルモン<TSH>
成長ホルモン<GH>,10,10,10,名詞,所見,*,*,*,*,成長ホルモン<GH>,成長ホルモン<GH>,成長ホルモン<GH>
黄体化ホルモン<LH>,10,10,10,名詞,所見,*,*,*,*,黄体化ホルモン<LH>,黄体化ホルモン<LH>,黄体化ホルモン<LH>
副腎皮質刺激ホルモン<ACTH>,10,10,10,名詞,所見,*,*,*,*,副腎皮質刺激ホルモン<ACTH>,副腎皮質刺激ホルモン<ACTH>,副腎皮質刺激ホルモン<ACTH>
卵胞刺激ホルモン<FSH>,10,10,10,名詞,所見,*,*,*,*,卵胞刺激ホルモン<FSH>,卵胞刺激ホルモン<FSH>,卵胞刺激ホルモン<FSH>
プロラクチン<PRL>,10,10,10,名詞,所見,*,*,*,*,プロラクチン<PRL>,プロラクチン<PRL>,プロラクチン<PRL>
抗利尿ホルモン、バソプレシン<ADH>,10,10,10,名詞,所見,*,*,*,*,抗利尿ホルモン、バソプレシン<ADH>,抗利尿ホルモン、バソプレシン<ADH>,抗利尿ホルモン、バソプレシン<ADH>
遊離トリヨードサイロニン<FT3>,10,10,10,名詞,所見,*,*,*,*,遊離トリヨードサイロニン<FT3>,遊離トリヨードサイロニン<FT3>,遊離トリヨードサイロニン<FT3>
遊離サイロキシン<FT4>,10,10,10,名詞,所見,*,*,*,*,遊離サイロキシン<FT4>,遊離サイロキシン<FT4>,遊離サイロキシン<FT4>
サイログロブリン,10,10,10,名詞,所見,*,*,*,*,サイログロブリン,サイログロブリン,サイログロブリン
カルシトニン,10,10,10,名詞,所見,*,*,*,*,カルシトニン,カルシトニン,カルシトニン
副甲状腺ホルモン<PTH>,10,10,10,名詞,所見,*,*,*,*,副甲状腺ホルモン<PTH>,副甲状腺ホルモン<PTH>,副甲状腺ホルモン<PTH>
コルチゾール,10,10,10,名詞,所見,*,*,*,*,コルチゾール,コルチゾール,コルチゾール
アルドステロン,10,10,10,名詞,所見,*,*,*,*,アルドステロン,アルドステロン,アルドステロン
17α-ヒドロキシプロゲステロン,10,10,10,名詞,所見,*,*,*,*,17α-ヒドロキシプロゲステロン,17α-ヒドロキシプロゲステロン,17α-ヒドロキシプロゲステロン
アドレナリン,10,10,10,名詞,所見,*,*,*,*,アドレナリン,アドレナリン,アドレナリン
ノルアドレナリン,10,10,10,名詞,所見,*,*,*,*,ノルアドレナリン,ノルアドレナリン,ノルアドレナリン
ガストリン,10,10,10,名詞,所見,*,*,*,*,ガストリン,ガストリン,ガストリン
インスリン,10,10,10,名詞,所見,*,*,*,*,インスリン,インスリン,インスリン
グルカゴン,10,10,10,名詞,所見,*,*,*,*,グルカゴン,グルカゴン,グルカゴン
Cペプチド<CPR>,10,10,10,名詞,所見,*,*,*,*,Cペプチド<CPR>,Cペプチド<CPR>,Cペプチド<CPR>
血漿レニン活性<PRA>,10,10,10,名詞,所見,*,*,*,*,血漿レニン活性<PRA>,血漿レニン活性<PRA>,血漿レニン活性<PRA>
アンジオテンシン,10,10,10,名詞,所見,*,*,*,*,アンジオテンシン,アンジオテンシン,アンジオテンシン
エリスロポエチン,10,10,10,名詞,所見,*,*,*,*,エリスロポエチン,エリスロポエチン,エリスロポエチン
エストラジオール<E2>,10,10,10,名詞,所見,*,*,*,*,エストラジオール<E2>,エストラジオール<E2>,エストラジオール<E2>
エストリオール<E3>,10,10,10,名詞,所見,*,*,*,*,エストリオール<E3>,エストリオール<E3>,エストリオール<E3>
プロゲステロン,10,10,10,名詞,所見,*,*,*,*,プロゲステロン,プロゲステロン,プロゲステロン
テストステロン,10,10,10,名詞,所見,*,*,*,*,テストステロン,テストステロン,テストステロン
絨毛性ゴナドトロピン<hCG>,10,10,10,名詞,所見,*,*,*,*,絨毛性ゴナドトロピン<hCG>,絨毛性ゴナドトロピン<hCG>,絨毛性ゴナドトロピン<hCG>
総蛋白,10,10,10,名詞,所見,*,*,*,*,総タンパク<TP>,総タンパク<TP>,総タンパク<TP>
タンパク分画,10,10,10,名詞,所見,*,*,*,*,タンパク分画,タンパク分画,タンパク分画
アルブミン,10,10,10,名詞,所見,*,*,*,*,アルブミン<Alb>,アルブミン<Alb>,アルブミン<Alb>
α1・β2-マイクログロブリン,10,10,10,名詞,所見,*,*,*,*,α1・β2-マイクログロブリン,α1・β2-マイクログロブリン,α1・β2-マイクログロブリン
IgG、IgA、IgM、IgE,10,10,10,名詞,所見,*,*,*,*,IgG、IgA、IgM、IgE,IgG、IgA、IgM、IgE,IgG、IgA、IgM、IgE
フェリチン,10,10,10,名詞,所見,*,*,*,*,フェリチン,フェリチン,フェリチン
心筋トロポニンT,10,10,10,名詞,所見,*,*,*,*,心筋トロポニンT,心筋トロポニンT,心筋トロポニンT
心筋トロポニンI,10,10,10,名詞,所見,*,*,*,*,心筋トロポニンI,心筋トロポニンI,心筋トロポニンI
総ビリルビン,10,10,10,名詞,所見,*,*,*,*,総ビリルビン,総ビリルビン,総ビリルビン
直接ビリルビン,10,10,10,名詞,所見,*,*,*,*,直接ビリルビン,直接ビリルビン,直接ビリルビン
AST,10,10,10,名詞,所見,*,*,*,*,AST,AST,AST
ALT,10,10,10,名詞,所見,*,*,*,*,ALT,ALT,ALT
LD,10,10,10,名詞,所見,*,*,*,*,LD<LDH>,LD<LDH>,LD<LDH>
ALP,10,10,10,名詞,所見,*,*,*,*,ALP,ALP,ALP
γ-GTP,10,10,10,名詞,所見,*,*,*,*,γ-GT<γ-GTP>,γ-GT<γ-GTP>,γ-GT<γ-GTP>
コリンエステラーゼ<ChE>,10,10,10,名詞,所見,*,*,*,*,コリンエステラーゼ<ChE>,コリンエステラーゼ<ChE>,コリンエステラーゼ<ChE>
アミラーゼ,10,10,10,名詞,所見,*,*,*,*,アミラーゼ,アミラーゼ,アミラーゼ
リパーゼ,10,10,10,名詞,所見,*,*,*,*,リパーゼ,リパーゼ,リパーゼ
CK,10,10,10,名詞,所見,*,*,*,*,CK,CK,CK
CK-MB,10,10,10,名詞,所見,*,*,*,*,CK-MB,CK-MB,CK-MB
アンジオテンシン変換酵素<ACE>,10,10,10,名詞,所見,*,*,*,*,アンジオテンシン変換酵素<ACE>,アンジオテンシン変換酵素<ACE>,アンジオテンシン変換酵素<ACE>
ペプシノゲン,10,10,10,名詞,所見,*,*,*,*,ペプシノゲン,ペプシノゲン,ペプシノゲン
尿素窒素,10,10,10,名詞,所見,*,*,*,*,尿素窒素<BUN>,尿素窒素<BUN>,尿素窒素<BUN>
クレアチニン,10,10,10,名詞,所見,*,*,*,*,クレアチニン<Cr>,クレアチニン<Cr>,クレアチニン<Cr>
尿酸,10,10,10,名詞,所見,*,*,*,*,尿酸<UA>,尿酸<UA>,尿酸<UA>
アンモニア,10,10,10,名詞,所見,*,*,*,*,アンモニア,アンモニア,アンモニア
血糖,10,10,10,名詞,所見,*,*,*,*,｛随時｝血糖,｛随時｝血糖,｛随時｝血糖
空腹時血糖<FBS>,10,10,10,名詞,所見,*,*,*,*,空腹時血糖<FBS>,空腹時血糖<FBS>,空腹時血糖<FBS>
ブドウ糖負荷試験<OGTT>,10,10,10,名詞,所見,*,*,*,*,ブドウ糖負荷試験<OGTT>,ブドウ糖負荷試験<OGTT>,ブドウ糖負荷試験<OGTT>
HbA1c,10,10,10,名詞,所見,*,*,*,*,HbA1c,HbA1c,HbA1c
総コレステロール<TC>,10,10,10,名詞,所見,*,*,*,*,総コレステロール<TC>,総コレステロール<TC>,総コレステロール<TC>
トリグリセリド,10,10,10,名詞,所見,*,*,*,*,トリグリセリド<TG>,トリグリセリド<TG>,トリグリセリド<TG>
HDLコレステロール,10,10,10,名詞,所見,*,*,*,*,HDLコレステロール,HDLコレステロール,HDLコレステロール
LDLコレステロール,10,10,10,名詞,所見,*,*,*,*,LDLコレステロール,LDLコレステロール,LDLコレステロール
心房性ナトリウム利尿ペプチド<hANP>,10,10,10,名詞,所見,*,*,*,*,心房性ナトリウム利尿ペプチド<hANP>,心房性ナトリウム利尿ペプチド<hANP>,心房性ナトリウム利尿ペプチド<hANP>
脳性ナトリウム利尿ペプチド<BNP>,10,10,10,名詞,所見,*,*,*,*,脳性ナトリウム利尿ペプチド<BNP>,脳性ナトリウム利尿ペプチド<BNP>,脳性ナトリウム利尿ペプチド<BNP>
5-ヒドロキシインドール酢酸<5-HIAA>,10,10,10,名詞,所見,*,*,*,*,5-ヒドロキシインドール酢酸<5-HIAA>,5-ヒドロキシインドール酢酸<5-HIAA>,5-ヒドロキシインドール酢酸<5-HIAA>
遊離コルチゾール,10,10,10,名詞,所見,*,*,*,*,遊離コルチゾール,遊離コルチゾール,遊離コルチゾール
カテコラミン,10,10,10,名詞,所見,*,*,*,*,カテコラミン,カテコラミン,カテコラミン
メタネフリン・ノルメタネフリン,10,10,10,名詞,所見,*,*,*,*,メタネフリン・ノルメタネフリン,メタネフリン・ノルメタネフリン,メタネフリン・ノルメタネフリン
バニリルマンデル酸<VMA>,10,10,10,名詞,所見,*,*,*,*,バニリルマンデル酸<VMA>,バニリルマンデル酸<VMA>,バニリルマンデル酸<VMA>
α-フェトプロテイン<AFP>,10,10,10,名詞,所見,*,*,*,*,α-フェトプロテイン<AFP>,α-フェトプロテイン<AFP>,α-フェトプロテイン<AFP>
CEA,10,10,10,名詞,所見,*,*,*,*,CEA,CEA,CEA
CA19-9,10,10,10,名詞,所見,*,*,*,*,CA19-9,CA19-9,CA19-9
CA125,10,10,10,名詞,所見,*,*,*,*,CA125,CA125,CA125
PSA,10,10,10,名詞,所見,*,*,*,*,PSA,PSA,PSA
KL-6,10,10,10,名詞,所見,*,*,*,*,KL-6,KL-6,KL-6
抗RNP抗体,10,10,10,名詞,所見,*,*,*,*,抗RNP抗体,抗RNP抗体,抗RNP抗体
抗Sm抗体,10,10,10,名詞,所見,*,*,*,*,抗Sm抗体,抗Sm抗体,抗Sm抗体
抗SS-A抗体,10,10,10,名詞,所見,*,*,*,*,抗SS-A抗体,抗SS-A抗体,抗SS-A抗体
抗SS-B抗体,10,10,10,名詞,所見,*,*,*,*,抗SS-B抗体,抗SS-B抗体,抗SS-B抗体
抗Jo-1抗体,10,10,10,名詞,所見,*,*,*,*,抗Jo-1抗体,抗Jo-1抗体,抗Jo-1抗体
抗Scl-70抗体,10,10,10,名詞,所見,*,*,*,*,抗Scl-70抗体,抗Scl-70抗体,抗Scl-70抗体
抗ミトコンドリア抗体,10,10,10,名詞,所見,*,*,*,*,抗ミトコンドリア抗体,抗ミトコンドリア抗体,抗ミトコンドリア抗体
抗RNAポリメラーゼⅢ抗体,10,10,10,名詞,所見,*,*,*,*,抗RNAポリメラーゼⅢ抗体,抗RNAポリメラーゼⅢ抗体,抗RNAポリメラーゼⅢ抗体
抗平滑筋抗体,10,10,10,名詞,所見,*,*,*,*,抗平滑筋抗体,抗平滑筋抗体,抗平滑筋抗体
抗サイログロブリン抗体,10,10,10,名詞,所見,*,*,*,*,抗サイログロブリン抗体,抗サイログロブリン抗体,抗サイログロブリン抗体
抗甲状腺ペルオキシダーゼ<TPO>抗体,10,10,10,名詞,所見,*,*,*,*,抗甲状腺ペルオキシダーゼ<TPO>抗体,抗甲状腺ペルオキシダーゼ<TPO>抗体,抗甲状腺ペルオキシダーゼ<TPO>抗体
抗TSH受容体抗体<TRAb>,10,10,10,名詞,所見,*,*,*,*,抗TSH受容体抗体<TRAb>,抗TSH受容体抗体<TRAb>,抗TSH受容体抗体<TRAb>
抗GAD抗体,10,10,10,名詞,所見,*,*,*,*,抗GAD抗体,抗GAD抗体,抗GAD抗体
抗インスリン抗体,10,10,10,名詞,所見,*,*,*,*,抗インスリン抗体,抗インスリン抗体,抗インスリン抗体
直接・間接Coombs試験,10,10,10,名詞,所見,*,*,*,*,直接・間接Coombs試験,直接・間接Coombs試験,直接・間接Coombs試験
抗アクアポリン4抗体,10,10,10,名詞,所見,*,*,*,*,抗アクアポリン4抗体,抗アクアポリン4抗体,抗アクアポリン4抗体
抗アセチルコリン受容体抗体,10,10,10,名詞,所見,*,*,*,*,抗アセチルコリン受容体抗体,抗アセチルコリン受容体抗体,抗アセチルコリン受容体抗体
免疫電気泳動,10,10,10,名詞,所見,*,*,*,*,免疫電気泳動,免疫電気泳動,免疫電気泳動
BenceJonesタンパク,10,10,10,名詞,所見,*,*,*,*,BenceJonesタンパク,BenceJonesタンパク,BenceJonesタンパク
アレルゲン検査,10,10,10,名詞,所見,*,*,*,*,アレルゲン検査,アレルゲン検査,アレルゲン検査
IgE、特異的IgE,10,10,10,名詞,所見,*,*,*,*,IgE、特異的IgE,IgE、特異的IgE,IgE、特異的IgE
皮膚反応（パッチテスト、プリックテスト、皮内反応）,10,10,10,名詞,所見,*,*,*,*,皮膚反応（パッチテスト、プリックテスト、皮内反応）,皮膚反応（パッチテスト、プリックテスト、皮内反応）,皮膚反応（パッチテスト、プリックテスト、皮内反応）
再投与試験,10,10,10,名詞,所見,*,*,*,*,再投与試験,再投与試験,再投与試験
血清補体価（CH50）、C3、C4,10,10,10,名詞,所見,*,*,*,*,血清補体価（CH50）、C3、C4,血清補体価（CH50）、C3、C4,血清補体価（CH50）、C3、C4
免疫複合体,10,10,10,名詞,所見,*,*,*,*,免疫複合体,免疫複合体,免疫複合体
リンパ球表面抗原検査,10,10,10,名詞,所見,*,*,*,*,リンパ球表面抗原検査,リンパ球表面抗原検査,リンパ球表面抗原検査
CD4/8比,10,10,10,名詞,所見,*,*,*,*,CD4/8比,CD4/8比,CD4/8比
好中球機能検査,10,10,10,名詞,所見,*,*,*,*,好中球機能検査,好中球機能検査,好中球機能検査
リンパ球刺激試験,10,10,10,名詞,所見,*,*,*,*,リンパ球刺激試験,リンパ球刺激試験,リンパ球刺激試験
ツベルクリン反応,10,10,10,名詞,所見,*,*,*,*,ツベルクリン反応,ツベルクリン反応,ツベルクリン反応
組織適合検査,10,10,10,名詞,所見,*,*,*,*,組織適合検査,組織適合検査,組織適合検査
CRP,10,10,10,名詞,所見,*,*,*,*,C反応性タンパク<CRP>,C反応性タンパク<CRP>,C反応性タンパク<CRP>
プロカルシトニン,10,10,10,名詞,所見,*,*,*,*,プロカルシトニン,プロカルシトニン,プロカルシトニン
梅毒血清反応,10,10,10,名詞,所見,*,*,*,*,梅毒血清反応,梅毒血清反応,梅毒血清反応
Weil-Felix反応,10,10,10,名詞,所見,*,*,*,*,Weil-Felix反応,Weil-Felix反応,Weil-Felix反応
ASO,10,10,10,名詞,所見,*,*,*,*,ASO,ASO,ASO
トキソプラズマ抗体,10,10,10,名詞,所見,*,*,*,*,トキソプラズマ抗体,トキソプラズマ抗体,トキソプラズマ抗体
寒冷凝集反応,10,10,10,名詞,所見,*,*,*,*,寒冷凝集反応,寒冷凝集反応,寒冷凝集反応
マイコプラズマ抗体,10,10,10,名詞,所見,*,*,*,*,マイコプラズマ抗体,マイコプラズマ抗体,マイコプラズマ抗体
ウイルス血清反応,10,10,10,名詞,所見,*,*,*,*,ウイルス血清反応,ウイルス血清反応,ウイルス血清反応
β-D-グルカン,10,10,10,名詞,所見,*,*,*,*,β-D-グルカン,β-D-グルカン,β-D-グルカン
HTLV-1抗体,10,10,10,名詞,所見,*,*,*,*,HTLV-1抗体,HTLV-1抗体,HTLV-1抗体
HIV抗体,10,10,10,名詞,所見,*,*,*,*,HIV抗体,HIV抗体,HIV抗体
HBs抗原、HBs抗体、HBc抗体,10,10,10,名詞,所見,*,*,*,*,HBs抗原、HBs抗体、HBc抗体,HBs抗原、HBs抗体、HBc抗体,HBs抗原、HBs抗体、HBc抗体
HCV抗体,10,10,10,名詞,所見,*,*,*,*,HCV抗体,HCV抗体,HCV抗体
リウマトイド因子<RF>,10,10,10,名詞,所見,*,*,*,*,リウマトイド因子<RF>,リウマトイド因子<RF>,リウマトイド因子<RF>
抗CCP抗体,10,10,10,名詞,所見,*,*,*,*,抗CCP抗体,抗CCP抗体,抗CCP抗体
MPO-ANCA,10,10,10,名詞,所見,*,*,*,*,MPO-ANCA,MPO-ANCA,MPO-ANCA
PR3-ANCA,10,10,10,名詞,所見,*,*,*,*,PR3-ANCA,PR3-ANCA,PR3-ANCA
抗核抗体,10,10,10,名詞,所見,*,*,*,*,抗核抗体,抗核抗体,抗核抗体
抗ssDNA抗体,10,10,10,名詞,所見,*,*,*,*,抗ssDNA抗体,抗ssDNA抗体,抗ssDNA抗体
抗dsDNA抗体,10,10,10,名詞,所見,*,*,*,*,抗dsDNA抗体,抗dsDNA抗体,抗dsDNA抗体
抗セントロメア抗体,10,10,10,名詞,所見,*,*,*,*,抗セントロメア抗体,抗セントロメア抗体,抗セントロメア抗体
抗アミノアシルtRNA合成酵素抗体<抗ARS抗体>,10,10,10,名詞,所見,*,*,*,*,抗アミノアシルtRNA合成酵素抗体<抗ARS抗体>,抗アミノアシルtRNA合成酵素抗体<抗ARS抗体>,抗アミノアシルtRNA合成酵素抗体<抗ARS抗体>
pH,10,10,10,名詞,所見,*,*,*,*,pH,pH,pH
PaCO2,10,10,10,名詞,所見,*,*,*,*,PaCO2,PaCO2,PaCO2
PaO2,10,10,10,名詞,所見,*,*,*,*,PaO2,PaO2,PaO2
HCO3-,10,10,10,名詞,所見,*,*,*,*,HCO-3,HCO-3,HCO-3
％VC,10,10,10,名詞,所見,*,*,*,*,％VC,％VC,％VC
FEV1％,10,10,10,名詞,所見,*,*,*,*,FEV1％,FEV1％,FEV1％
{12誘導｝心電図検査,10,10,10,名詞,所見,*,*,*,*,{12誘導｝心電図検査,{12誘導｝心電図検査,{12誘導｝心電図検査
Holter心電図検査,10,10,10,名詞,所見,*,*,*,*,Holter心電図検査,Holter心電図検査,Holter心電図検査
運動負荷心電図検査,10,10,10,名詞,所見,*,*,*,*,運動負荷心電図検査,運動負荷心電図検査,運動負荷心電図検査
心臓カテーテル検査,10,10,10,名詞,所見,*,*,*,*,心臓カテーテル検査,心臓カテーテル検査,心臓カテーテル検査
唾液分泌検査,10,10,10,名詞,所見,*,*,*,*,唾液分泌検査,唾液分泌検査,唾液分泌検査
胃液検査,10,10,10,名詞,所見,*,*,*,*,胃液検査,胃液検査,胃液検査
食道・胃24時間pHモニタリング検査,10,10,10,名詞,所見,*,*,*,*,食道・胃24時間pHモニタリング検査,食道・胃24時間pHモニタリング検査,食道・胃24時間pHモニタリング検査
食道内圧検査,10,10,10,名詞,所見,*,*,*,*,食道内圧検査,食道内圧検査,食道内圧検査
肛門内圧検査,10,10,10,名詞,所見,*,*,*,*,肛門内圧検査,肛門内圧検査,肛門内圧検査
BT-PABA試験,10,10,10,名詞,所見,*,*,*,*,BT-PABA試験,BT-PABA試験,BT-PABA試験
インスリン負荷試験,10,10,10,名詞,所見,*,*,*,*,インスリン負荷試験,インスリン負荷試験,インスリン負荷試験
グルカゴン負荷試験,10,10,10,名詞,所見,*,*,*,*,グルカゴン負荷試験,グルカゴン負荷試験,グルカゴン負荷試験
ブドウ糖負荷試験,10,10,10,名詞,所見,*,*,*,*,ブドウ糖負荷試験,ブドウ糖負荷試験,ブドウ糖負荷試験
絶食試験,10,10,10,名詞,所見,*,*,*,*,絶食試験,絶食試験,絶食試験
TRH負荷試験,10,10,10,名詞,所見,*,*,*,*,TRH負荷試験,TRH負荷試験,TRH負荷試験
CRH負荷試験,10,10,10,名詞,所見,*,*,*,*,CRH負荷試験,CRH負荷試験,CRH負荷試験
GHRH負荷試験,10,10,10,名詞,所見,*,*,*,*,GHRH負荷試験,GHRH負荷試験,GHRH負荷試験
LHRH負荷試験,10,10,10,名詞,所見,*,*,*,*,LHRH負荷試験,LHRH負荷試験,LHRH負荷試験
デキサメタゾン抑制試験,10,10,10,名詞,所見,*,*,*,*,デキサメタゾン抑制試験,デキサメタゾン抑制試験,デキサメタゾン抑制試験
水制限試験,10,10,10,名詞,所見,*,*,*,*,水制限試験,水制限試験,水制限試験
高張食塩水負荷試験,10,10,10,名詞,所見,*,*,*,*,高張食塩水負荷試験,高張食塩水負荷試験,高張食塩水負荷試験
ACTH試験,10,10,10,名詞,所見,*,*,*,*,ACTH試験,ACTH試験,ACTH試験
甲状腺1231摂取率,10,10,10,名詞,所見,*,*,*,*,甲状腺1231摂取率,甲状腺1231摂取率,甲状腺1231摂取率
フロセミド負荷試験,10,10,10,名詞,所見,*,*,*,*,フロセミド負荷試験,フロセミド負荷試験,フロセミド負荷試験
PTH負荷試験<Ellsworth-Howard試験＞,10,10,10,名詞,所見,*,*,*,*,PTH負荷試験<Ellsworth-Howard試験＞,PTH負荷試験<Ellsworth-Howard試験＞,PTH負荷試験<Ellsworth-Howard試験＞
プロゲステロン負荷試験,10,10,10,名詞,所見,*,*,*,*,プロゲステロン負荷試験,プロゲステロン負荷試験,プロゲステロン負荷試験
エストロゲン・プロゲステロン負荷試験,10,10,10,名詞,所見,*,*,*,*,エストロゲン・プロゲステロン負荷試験,エストロゲン・プロゲステロン負荷試験,エストロゲン・プロゲステロン負荷試験
ゴナドトロピン負荷試験,10,10,10,名詞,所見,*,*,*,*,ゴナドトロピン負荷試験,ゴナドトロピン負荷試験,ゴナドトロピン負荷試験
クレアチニンクリアランス,10,10,10,名詞,所見,*,*,*,*,クレアチニンクリアランス,クレアチニンクリアランス,クレアチニンクリアランス
糸球体濾過率<GFR＞,10,10,10,名詞,所見,*,*,*,*,糸球体濾過率<GFR＞,糸球体濾過率<GFR＞,糸球体濾過率<GFR＞
レノグラム,10,10,10,名詞,所見,*,*,*,*,レノグラム,レノグラム,レノグラム
脳波検査,10,10,10,名詞,所見,*,*,*,*,脳波検査,脳波検査,脳波検査
針筋電図検査,10,10,10,名詞,所見,*,*,*,*,針筋電図検査,針筋電図検査,針筋電図検査
末梢神経伝導検査,10,10,10,名詞,所見,*,*,*,*,末梢神経伝導検査,末梢神経伝導検査,末梢神経伝導検査
膿性痰,10,10,10,名詞,一般,*,*,*,*,膿性痰,膿性痰,膿性痰
血液所見,10,10,10,名詞,検査,*,*,*,*,血液所見,血液所見,血液所見
動脈血ガス分析,10,10,10,名詞,検査,*,*,*,*,動脈血ガス分析,動脈血ガス分析,動脈血ガス分析
喀痰培養,10,10,10,名詞,検査,*,*,*,*,喀痰培養,喀痰培養,喀痰培養
胸部エックス線,10,10,10,名詞,検査,*,*,*,*,胸部エックス線,胸部エックス線,胸部エックス線
胸部CT,10,10,10,名詞,検査,*,*,*,*,胸部CT,胸部CT,胸部CT
医療機関,10,10,10,名詞,一般,*,*,*,*,医療機関,医療機関,医療機関
喫煙歴,10,10,10,名詞,一般,*,*,*,*,喫煙歴,喫煙歴,喫煙歴
呼吸数,10,10,10,名詞,一般,*,*,*,*,呼吸数,呼吸数,呼吸数
coarse crackles,10,10,10,名詞,一般,*,*,*,*,coarse crackles,coarse crackles,coarse crackles
room air,10,10,10,名詞,一般,*,*,*,*,room air,room air,room air
緑膿菌,10,10,10,名詞,一般,*,*,*,*,緑膿菌,緑膿菌,緑膿菌
肺野条件,10,10,10,名詞,一般,*,*,*,*,肺野条件,肺野条件,肺野条件
続発性,10,10,10,名詞,一般,*,*,*,*,続発性,続発性,続発性
無症候性,10,10,10,名詞,一般,*,*,*,*,無症候性,無症候性,無症候性
骨転移,10,10,10,名詞,一般,*,*,*,*,骨転移,骨転移,骨転移
遠点,10,10,10,名詞,一般,*,*,*,*,遠点,遠点,遠点
近点,10,10,10,名詞,一般,*,*,*,*,近点,近点,近点
調節力,10,10,10,名詞,一般,*,*,*,*,調節力,調節力,調節力
収縮期雑音,10,10,10,名詞,一般,*,*,*,*,収縮期雑音,収縮期雑音,収縮期雑音
上咽頭,10,10,10,名詞,一般,*,*,*,*,上咽頭,上咽頭,上咽頭
内視鏡検査,10,10,10,名詞,一般,*,*,*,*,内視鏡検査,内視鏡検査,内視鏡検査
超音波検査,10,10,10,名詞,一般,*,*,*,*,超音波検査,超音波検査,超音波検査
皮下出血,10,10,10,名詞,一般,*,*,*,*,皮下出血,皮下出血,皮下出血
鼻出血,10,10,10,名詞,一般,*,*,*,*,鼻出血,鼻出血,鼻出血
抗癌化学療法,10,10,10,名詞,一般,*,*,*,*,抗癌化学療法,抗癌化学療法,抗癌化学療法
血漿フィブリノゲン,10,10,10,名詞,一般,*,*,*,*,血漿フィブリノゲン,血漿フィブリノゲン,血漿フィブリノゲン
血清FDP,10,10,10,名詞,一般,*,*,*,*,血清FDP,血清FDP,血清FDP
May-Giemsa染色,10,10,10,名詞,一般,*,*,*,*,May-Giemsa染色,May-Giemsa染色,May-Giemsa染色
食道癌,10,10,10,名詞,一般,*,*,*,*,食道癌,食道癌,食道癌
人工呼吸,10,10,10,名詞,一般,*,*,*,*,人工呼吸,人工呼吸,人工呼吸
整形外科,10,10,10,名詞,一般,*,*,*,*,整形外科,整形外科,整形外科
非ステロイド性抗炎症薬,10,10,10,名詞,一般,*,*,*,*,非ステロイド性抗炎症薬<NSAIDs>,非ステロイド性抗炎症薬<NSAIDs>,非ステロイド性抗炎症薬<NSAIDs>
血液検査,10,10,10,名詞,一般,*,*,*,*,血液検査,血液検査,血液検査
培養検査,10,10,10,名詞,一般,*,*,*,*,培養検査,培養検査,培養検査
骨折線,10,10,10,名詞,一般,*,*,*,*,骨折線,骨折線,骨折線
著明,10,10,10,名詞,一般,*,*,*,*,著明,著明,著明
眼瞼結膜,10,10,10,名詞,一般,*,*,*,*,眼瞼結膜,眼瞼結膜,眼瞼結膜
眼球結膜,10,10,10,名詞,一般,*,*,*,*,眼球結膜,眼球結膜,眼球結膜
う歯,10,10,10,名詞,一般,*,*,*,*,う歯,う歯,う歯
表在リンパ節,10,10,10,名詞,一般,*,*,*,*,表在リンパ節,表在リンパ節,表在リンパ節
腫大,10,10,10,名詞,一般,*,*,*,*,腫大,腫大,腫大
陥凹,10,10,10,名詞,一般,*,*,*,*,陥凹,陥凹,陥凹
呼吸音,10,10,10,名詞,一般,*,*,*,*,呼吸音,呼吸音,呼吸音
減弱,10,10,10,名詞,一般,*,*,*,*,減弱,減弱,減弱
T2強調像,10,10,10,名詞,一般,*,*,*,*,T2強調像,T2強調像,T2強調像
意識レベル,10,10,10,名詞,一般,*,*,*,*,意識レベル,意識レベル,意識レベル
家族歴,10,10,10,名詞,一般,*,*,*,*,家族歴,家族歴,家族歴
体幹,10,10,10,名詞,一般,*,*,*,*,体幹,体幹,体幹
熱感,10,10,10,名詞,一般,*,*,*,*,熱感,熱感,熱感
瞳孔径,10,10,10,名詞,一般,*,*,*,*,瞳孔径,瞳孔径,瞳孔径
臥位,10,10,10,名詞,一般,*,*,*,*,仰臥位,仰臥位,仰臥位
仰臥位,10,10,10,名詞,一般,*,*,*,*,仰臥位,仰臥位,仰臥位
頸静脈,10,10,10,名詞,一般,*,*,*,*,頸静脈,頸静脈,頸静脈
直接ビリルビン,10,10,10,名詞,一般,*,*,*,*,直接ビリルビン,直接ビリルビン,直接ビリルビン
総蛋白,10,10,10,名詞,一般,*,*,*,*,総蛋白,総蛋白,総蛋白
血液生化学,10,10,10,名詞,一般,*,*,*,*,血液生化学,血液生化学,血液生化学
黄染,10,10,10,名詞,一般,*,*,*,*,黄染,黄染,黄染
B型肝炎ウイルス,10,10,10,名詞,一般,*,*,*,*,HBV,HBV,HBV
抗TNF-α抗体製剤,10,10,10,名詞,一般,*,*,*,*,抗TNF-α抗体製剤,抗TNF-α抗体製剤,抗TNF-α抗体製剤
TNF-α,10,10,10,名詞,一般,*,*,*,*,TNF-α,TNF-α,TNF-α
機会飲酒,10,10,10,名詞,一般,*,*,*,*,機会飲酒,機会飲酒,機会飲酒
肝機能検査,10,10,10,名詞,一般,*,*,*,*,肝機能検査,肝機能検査,肝機能検査
副腎皮質ステロイド,10,10,10,名詞,一般,*,*,*,*,副腎皮質ステロイド,副腎皮質ステロイド,副腎皮質ステロイド
H-E染色,10,10,10,名詞,一般,*,*,*,*,H-E染色,H-E染色,H-E染色
生検,10,10,10,名詞,一般,*,*,*,*,生検,生検,生検
上行結腸,10,10,10,名詞,一般,*,*,*,*,上行結腸,上行結腸,上行結腸
下行結腸,10,10,10,名詞,一般,*,*,*,*,下行結腸,下行結腸,下行結腸
横行結腸,10,10,10,名詞,一般,*,*,*,*,横行結腸,横行結腸,横行結腸
下部消化管内視鏡,10,10,10,名詞,一般,*,*,*,*,下部消化管内視鏡,下部消化管内視鏡,下部消化管内視鏡
大腸内視鏡,10,10,10,名詞,一般,*,*,*,*,下部消化管内視鏡,下部消化管内視鏡,下部消化管内視鏡
下血,10,10,10,名詞,一般,*,*,*,*,下血,下血,下血
抗核抗体,10,10,10,名詞,一般,*,*,*,*,抗核抗体,抗核抗体,抗核抗体
免疫血清学,10,10,10,名詞,一般,*,*,*,*,免疫血清学,免疫血清学,免疫血清学
潜血,10,10,10,名詞,一般,*,*,*,*,潜血,潜血,潜血
腹膜刺激症候,10,10,10,名詞,一般,*,*,*,*,腹膜刺激症状,腹膜刺激症状,腹膜刺激症状
腓骨神経,10,10,10,名詞,一般,*,*,*,*,腓骨神経,腓骨神経,腓骨神経
正中神経,10,10,10,名詞,一般,*,*,*,*,正中神経,正中神経,正中神経
Babinski徴候,10,10,10,名詞,一般,*,*,*,*,Babinski徴候,Babinski徴候,Babinski徴候
腱反射,10,10,10,名詞,一般,*,*,*,*,腱反射,腱反射,腱反射
遠位筋,10,10,10,名詞,一般,*,*,*,*,遠位筋,遠位筋,遠位筋
近位筋,10,10,10,名詞,一般,*,*,*,*,近位筋,近位筋,近位筋
上下肢,10,10,10,名詞,一般,*,*,*,*,上下肢,上下肢,上下肢
背屈,10,10,10,名詞,一般,*,*,*,*,背屈,背屈,背屈
足背,10,10,10,名詞,一般,*,*,*,*,足背,足背,足背
歩行困難,10,10,10,名詞,一般,*,*,*,*,歩行困難,歩行困難,歩行困難
主訴,10,10,10,名詞,一般,*,*,*,*,主訴,主訴,主訴
染色体,10,10,10,名詞,一般,*,*,*,*,染色体,染色体,染色体
正常核型,10,10,10,名詞,一般,*,*,*,*,正常核型,正常核型,正常核型
触知,10,10,10,名詞,一般,*,*,*,*,触知,触知,触知
健診,10,10,10,名詞,一般,*,*,*,*,健診,健診,健診
頻脈,10,10,10,名詞,一般,*,*,*,*,頻脈,頻脈,頻脈
収縮期血圧,10,10,10,名詞,一般,*,*,*,*,収縮期血圧,収縮期血圧,収縮期血圧
拡張期血圧,10,10,10,名詞,一般,*,*,*,*,拡張期血圧,拡張期血圧,拡張期血圧
カルシウム拮抗薬,10,10,10,名詞,一般,*,*,*,*,カルシウム拮抗薬,カルシウム拮抗薬,カルシウム拮抗薬
静注,10,10,10,名詞,一般,*,*,*,*,静注,静注,静注
心エコー検査,10,10,10,名詞,一般,*,*,*,*,心エコー検査,心エコー検査,心エコー検査
頭部CT,10,10,10,名詞,一般,*,*,*,*,頭部CT,頭部CT,頭部CT
腫瘤影,10,10,10,名詞,一般,*,*,*,*,腫瘤影,腫瘤影,腫瘤影
項部硬直,10,10,10,名詞,一般,*,*,*,*,項部硬直,項部硬直,項部硬直
jolt accentuation,10,10,10,名詞,一般,*,*,*,*,jolt accentuation,jolt accentuation,jolt accentuation
冷感,10,10,10,名詞,一般,*,*,*,*,冷感,冷感,冷感
既往歴,10,10,10,名詞,一般,*,*,*,*,既往歴,既往歴,既往歴
救急車,10,10,10,名詞,一般,*,*,*,*,救急車,救急車,救急車
手指,10,10,10,名詞,一般,*,*,*,*,手指,手指,手指
紅斑,10,10,10,名詞,一般,*,*,*,*,紅斑,紅斑,紅斑
関節痛,10,10,10,名詞,一般,*,*,*,*,関節痛,関節痛,関節痛
胸腹部造影3D-CT,10,10,10,名詞,一般,*,*,*,*,胸腹部造影3D-CT,胸腹部造影3D-CT,胸腹部造影3D-CT
破砕赤血球,10,10,10,名詞,一般,*,*,*,*,破砕赤血球,破砕赤血球,破砕赤血球
末梢血塗抹,10,10,10,名詞,一般,*,*,*,*,末梢血塗抹,末梢血塗抹,末梢血塗抹
骨髄血塗抹,10,10,10,名詞,一般,*,*,*,*,骨髄血塗抹,骨髄血塗抹,骨髄血塗抹
視神経乳頭,10,10,10,名詞,一般,*,*,*,*,視神経乳頭,視神経乳頭,視神経乳頭
網赤血球,10,10,10,名詞,一般,*,*,*,*,網赤血球,網赤血球,網赤血球
尿所見,10,10,10,名詞,一般,*,*,*,*,尿所見,尿所見,尿所見
皮膚科,10,10,10,名詞,一般,*,*,*,*,皮膚科,皮膚科,皮膚科
Raynaud現象,10,10,10,名詞,一般,*,*,*,*,Raynaud現象,Raynaud現象,Raynaud現象
胸腔穿刺,10,10,10,名詞,一般,*,*,*,*,胸腔穿刺,胸腔穿刺,胸腔穿刺
気管挿管,10,10,10,名詞,一般,*,*,*,*,気管挿管,気管挿管,気管挿管
鼻カニューラ,10,10,10,名詞,一般,*,*,*,*,鼻カニューラ,鼻カニューラ,鼻カニューラ
呼吸困難,10,10,10,名詞,一般,*,*,*,*,呼吸困難,呼吸困難,呼吸困難
胸水貯留,10,10,10,名詞,一般,*,*,*,*,胸水貯留,胸水貯留,胸水貯留
リンパ節腫大,10,10,10,名詞,一般,*,*,*,*,リンパ節腫大,リンパ節腫大,リンパ節腫大
FDG-PET,10,10,10,名詞,一般,*,*,*,*,FDG-PET,FDG-PET,FDG-PET
免疫組織染色,10,10,10,名詞,一般,*,*,*,*,免疫組織染色,免疫組織染色,免疫組織染色
抗CD20抗体,10,10,10,名詞,一般,*,*,*,*,抗CD20抗体,抗CD20抗体,抗CD20抗体
H-E染色,10,10,10,名詞,一般,*,*,*,*,H-E染色,H-E染色,H-E染色
造影MRI,10,10,10,名詞,一般,*,*,*,*,造影MRI,造影MRI,造影MRI
片麻痺,10,10,10,名詞,一般,*,*,*,*,片麻痺,片麻痺,片麻痺
腹部超音波,10,10,10,名詞,一般,*,*,*,*,腹部超音波,腹部超音波,腹部超音波
ダーモスコピー像,10,10,10,名詞,一般,*,*,*,*,ダーモスコピー像,ダーモスコピー像,ダーモスコピー像
丘疹,10,10,10,名詞,一般,*,*,*,*,丘疹,丘疹,丘疹
高齢者施設,10,10,10,名詞,一般,*,*,*,*,高齢者施設,高齢者施設,高齢者施設
皮疹,10,10,10,名詞,一般,*,*,*,*,皮疹,皮疹,皮疹
抗ヒスタミン薬,10,10,10,名詞,一般,*,*,*,*,抗ヒスタミン薬,抗ヒスタミン薬,抗ヒスタミン薬
スルバクタム・アンピシリン合剤,10,10,10,名詞,一般,*,*,*,*,スルバクタム・アンピシリン合剤,スルバクタム・アンピシリン合剤,スルバクタム・アンピシリン合剤
水様下痢,10,10,10,名詞,一般,*,*,*,*,水様下痢,水様下痢,水様下痢
水平断,10,10,10,名詞,一般,*,*,*,*,水平断,水平断,水平断
冠状断,10,10,10,名詞,一般,*,*,*,*,冠状断,冠状断,冠状断
肝・脾,10,10,10,名詞,一般,*,*,*,*,肝・脾,肝・脾,肝・脾
新鮮血,10,10,10,名詞,一般,*,*,*,*,新鮮血,新鮮血,新鮮血
尿失禁,10,10,10,名詞,一般,*,*,*,*,尿失禁,尿失禁,尿失禁
尿管口,10,10,10,名詞,一般,*,*,*,*,尿管口,尿管口,尿管口
膀胱鏡,10,10,10,名詞,一般,*,*,*,*,膀胱鏡,膀胱鏡,膀胱鏡
静脈性尿路造影,10,10,10,名詞,一般,*,*,*,*,静脈性尿路造影,静脈性尿路造影,静脈性尿路造影
逆行性尿路造影,10,10,10,名詞,一般,*,*,*,*,逆行性尿路造影,逆行性尿路造影,逆行性尿路造影
右内頸動脈造影,10,10,10,名詞,一般,*,*,*,*,内頸動脈造影,内頸動脈造影,内頸動脈造影
左内頸動脈造影,10,10,10,名詞,一般,*,*,*,*,内頸動脈造影,内頸動脈造影,内頸動脈造影
T1強調像,10,10,10,名詞,一般,*,*,*,*,T1強調像,T1強調像,T1強調像
頭部MRI,10,10,10,名詞,一般,*,*,*,*,頭部MRI,頭部MRI,頭部MRI
血管性雑音,10,10,10,名詞,一般,*,*,*,*,血管性雑音,血管性雑音,血管性雑音
外転神経,10,10,10,名詞,一般,*,*,*,*,外転神経,外転神経,外転神経
神経学的所見,10,10,10,名詞,一般,*,*,*,*,神経学的所見,神経学的所見,神経学的所見
矯正不能,10,10,10,名詞,一般,*,*,*,*,矯正不能,矯正不能,矯正不能
調節麻痺薬,10,10,10,名詞,一般,*,*,*,*,調節麻痺薬,調節麻痺薬,調節麻痺薬
3歳児健康診査,10,10,10,名詞,一般,*,*,*,*,3歳児健康診査,3歳児健康診査,3歳児健康診査
眼位,10,10,10,名詞,一般,*,*,*,*,眼位,眼位,眼位
妊娠反応,10,10,10,名詞,一般,*,*,*,*,妊娠反応,妊娠反応,妊娠反応
経腟超音波,10,10,10,名詞,一般,*,*,*,*,経腟超音波,経腟超音波,経腟超音波
月経周期,10,10,10,名詞,一般,*,*,*,*,月経周期,月経周期,月経周期
最終月経,10,10,10,名詞,一般,*,*,*,*,最終月経,最終月経,最終月経
婦人科健診,10,10,10,名詞,一般,*,*,*,*,婦人科健診,婦人科健診,婦人科健診
下腹部,10,10,10,名詞,一般,*,*,*,*,下腹部,下腹部,下腹部
日常生活動作,10,10,10,名詞,一般,*,*,*,*,日常生活動作,日常生活動作,日常生活動作
小脳性運動失調,10,10,10,名詞,一般,*,*,*,*,小脳性運動失調,小脳性運動失調,小脳性運動失調
感覚障害,10,10,10,名詞,一般,*,*,*,*,感覚障害,感覚障害,感覚障害
筋トーヌス,10,10,10,名詞,一般,*,*,*,*,筋トーヌス,筋トーヌス,筋トーヌス
母指球,10,10,10,名詞,一般,*,*,*,*,母指球,母指球,母指球
小指球,10,10,10,名詞,一般,*,*,*,*,小指球,小指球,小指球
病的反射,10,10,10,名詞,一般,*,*,*,*,病的反射,病的反射,病的反射
徒手筋力テスト,10,10,10,名詞,一般,*,*,*,*,徒手筋力テスト,徒手筋力テスト,徒手筋力テスト
胸鎖乳突筋,10,10,10,名詞,一般,*,*,*,*,胸鎖乳突筋,胸鎖乳突筋,胸鎖乳突筋
側頭筋,10,10,10,名詞,一般,*,*,*,*,側頭筋,側頭筋,側頭筋
歩行障害,10,10,10,名詞,一般,*,*,*,*,歩行障害,歩行障害,歩行障害
在宅医療,10,10,10,名詞,一般,*,*,*,*,在宅医療,在宅医療,在宅医療
腹部CT,10,10,10,名詞,一般,*,*,*,*,腹部CT,腹部CT,腹部CT
食欲不振,10,10,10,名詞,一般,*,*,*,*,食欲不振,食欲不振,食欲不振
倦怠感,10,10,10,名詞,一般,*,*,*,*,倦怠感,倦怠感,倦怠感
胃全摘術,10,10,10,名詞,一般,*,*,*,*,胃全摘術,胃全摘術,胃全摘術
PAS染色,10,10,10,名詞,一般,*,*,*,*,PAS染色,PAS染色,PAS染色
赤血球円柱,10,10,10,名詞,一般,*,*,*,*,赤血球円柱,赤血球円柱,赤血球円柱
温痛覚,10,10,10,名詞,一般,*,*,*,*,温痛覚,温痛覚,温痛覚
網状皮班,10,10,10,名詞,一般,*,*,*,*,網状皮班,網状皮班,網状皮班
胸腔ドレーン,10,10,10,名詞,一般,*,*,*,*,胸腔ドレーン,胸腔ドレーン,胸腔ドレーン
排液,10,10,10,名詞,一般,*,*,*,*,排液,排液,排液
血性,10,10,10,名詞,一般,*,*,*,*,血性,血性,血性
リンパ節郭清,10,10,10,名詞,一般,*,*,*,*,リンパ節郭清,リンパ節郭清,リンパ節郭清
葉切除,10,10,10,名詞,一般,*,*,*,*,葉切除,葉切除,葉切除
羊水塞栓症,10,10,10,名詞,疾患名,*,*,*,*,羊水塞栓症,羊水塞栓症,羊水塞栓症
前立腺癌,10,10,10,名詞,疾患名,*,*,*,*,前立腺癌,前立腺癌,前立腺癌
粘液水腫性昏睡,10,10,10,名詞,疾患名,*,*,*,*,粘液水腫性昏睡,粘液水腫性昏睡,粘液水腫性昏睡
免疫性血小板減少性紫斑病〈ITP〉,10,10,-1000,名詞,疾患名,*,*,*,*,免疫性血小板減少性紫斑病<ITP>,免疫性血小板減少性紫斑病<ITP>,免疫性血小板減少性紫斑病<ITP>
急性心筋梗塞,10,10,10,名詞,疾患名,*,*,*,*,急性心筋梗塞,急性心筋梗塞,急性心筋梗塞
大腿ヘルニア,10,10,10,名詞,疾患名,*,*,*,*,大腿ヘルニア,大腿ヘルニア,大腿ヘルニア
自然気胸,10,10,10,名詞,疾患名,*,*,*,*,自然気胸,自然気胸,自然気胸
無汗症,10,10,10,名詞,疾患名,*,*,*,*,無汗症,無汗症,無汗症
高尿酸血症,10,10,10,名詞,疾患名,*,*,*,*,高尿酸血症,高尿酸血症,高尿酸血症
Mallory-Weiss症候群,10,10,10,名詞,疾患名,*,*,*,*,Mallory-Weiss症候群,Mallory-Weiss症候群,Mallory-Weiss症候群
潰瘍性大腸炎,10,10,10,名詞,疾患名,*,*,*,*,潰瘍性大腸炎,潰瘍性大腸炎,潰瘍性大腸炎
脳梗塞,10,10,10,名詞,疾患名,*,*,*,*,脳梗塞,脳梗塞,脳梗塞
高血圧緊急症,10,10,10,名詞,疾患名,*,*,*,*,高血圧緊急症,高血圧緊急症,高血圧緊急症
甲状腺髄様癌,10,10,10,名詞,疾患名,*,*,*,*,甲状腺悪性腫瘍,甲状腺悪性腫瘍,甲状腺悪性腫瘍
全身性強皮症,10,10,10,名詞,疾患名,*,*,*,*,全身性強皮症,全身性強皮症,全身性強皮症
水腎症,10,10,10,名詞,疾患名,*,*,*,*,水腎症,水腎症,水腎症
副鼻腔炎,10,10,10,名詞,疾患名,*,*,*,*,副鼻腔炎,副鼻腔炎,副鼻腔炎
脂質異常症,10,10,10,名詞,疾患名,*,*,*,*,脂質異常症,脂質異常症,脂質異常症
糖尿病,10,10,10,名詞,疾患名,*,*,*,*,糖尿病,糖尿病,糖尿病
1型糖尿病,10,10,10,名詞,疾患名,*,*,*,*,1型糖尿病,1型糖尿病,1型糖尿病
2型糖尿病,10,10,10,名詞,疾患名,*,*,*,*,2型糖尿病,2型糖尿病,2型糖尿病
重複腎盂尿管,10,10,10,名詞,疾患名,*,*,*,*,重複腎盂尿管,重複腎盂尿管,重複腎盂尿管
糖尿病網膜症,10,10,10,名詞,疾患名,*,*,*,*,糖尿病網膜症,糖尿病網膜症,糖尿病網膜症
未熟児網膜症,10,10,10,名詞,疾患名,*,*,*,*,未熟児網膜症,未熟児網膜症,未熟児網膜症
アレルギー性鼻炎,10,10,10,名詞,疾患名,*,*,*,*,アレルギー性鼻炎,アレルギー性鼻炎,アレルギー性鼻炎
（－）,10,10,10,名詞,所見,*,*,*,*,-1,-1,-1
（＋）,10,10,10,名詞,所見,*,*,*,*,1,1,1
/1視野,10,10,10,名詞,所見,*,*,*,*,/1視野,/1視野,/1視野
1＋,10,10,10,名詞,所見,*,*,*,*,1＋,1＋,1＋
2＋,10,10,10,名詞,所見,*,*,*,*,1＋,1＋,1＋
3＋,10,10,10,名詞,所見,*,*,*,*,1＋,1＋,1＋
歯肉癌,10,10,10,名詞,疾患名,*,*,*,*,歯肉癌,歯肉癌,歯肉癌
糖原病Ⅰ型〈von Gierke病〉,10,10,10,名詞,疾患名,*,*,*,*,糖原病Ⅰ型〈von Gierke病〉,糖原病Ⅰ型〈von Gierke病〉,糖原病Ⅰ型〈von Gierke病〉
糖原病Ⅰ型,10,10,10,名詞,疾患名,*,*,*,*,糖原病Ⅰ型〈von Gierke病〉,糖原病Ⅰ型〈von Gierke病〉,糖原病Ⅰ型〈von Gierke病〉
von Gierke病,10,10,10,名詞,疾患名,*,*,*,*,糖原病Ⅰ型〈von Gierke病〉,糖原病Ⅰ型〈von Gierke病〉,糖原病Ⅰ型〈von Gierke病〉
閉塞性動脈硬化症,10,10,10,名詞,疾患名,*,*,*,*,閉塞性動脈硬化症,閉塞性動脈硬化症,閉塞性動脈硬化症
ベンゾ［a］ピレン,10,10,10,名詞,疾患名,*,*,*,*,ベンゾ［a］ピレン,ベンゾ［a］ピレン,ベンゾ［a］ピレン
ベンゾ[a]ピレン,10,10,10,名詞,疾患名,*,*,*,*,ベンゾ［a］ピレン,ベンゾ［a］ピレン,ベンゾ［a］ピレン
Ⅰ音,10,10,10,名詞,疾患名,*,*,*,*,Ⅰ音,Ⅰ音,Ⅰ音
Ⅱ音,10,10,10,名詞,疾患名,*,*,*,*,Ⅱ音,Ⅱ音,Ⅱ音
Ⅲ音,10,10,10,名詞,疾患名,*,*,*,*,Ⅲ音,Ⅲ音,Ⅲ音
Ⅳ音,10,10,10,名詞,疾患名,*,*,*,*,Ⅳ音,Ⅳ音,Ⅳ音
スルホニル尿素,10,10,10,名詞,疾患名,*,*,*,*,スルホニル尿素,スルホニル尿素,スルホニル尿素
SU,10,10,10,名詞,疾患名,*,*,*,*,スルホニル尿素,スルホニル尿素,スルホニル尿素
血中,10,10,10,名詞,疾患名,*,*,*,*,血中,血中,血中
尿中,10,10,10,名詞,疾患名,*,*,*,*,尿中,尿中,尿中
全身性エリテマトーデス〈SLE〉,10,10,10,名詞,疾患名,*,*,*,*,全身性エリテマトーデス〈SLE〉,全身性エリテマトーデス〈SLE〉,全身性エリテマトーデス〈SLE〉
SLE,10,10,10,名詞,疾患名,*,*,*,*,全身性エリテマトーデス〈SLE〉,全身性エリテマトーデス〈SLE〉,全身性エリテマトーデス〈SLE〉
Parkinson病,10,10,10,名詞,疾患名,*,*,*,*,パーキンソン病,パーキンソン病,パーキンソン病
パーキンソン病,10,10,10,名詞,疾患名,*,*,*,*,パーキンソン病,パーキンソン病,パーキンソン病
副腎皮質ステロイド,10,10,10,名詞,疾患名,*,*,*,*,副腎皮質ステロイド,副腎皮質ステロイド,副腎皮質ステロイド
糖尿病性腎症,10,10,10,名詞,疾患名,*,*,*,*,糖尿病性腎症,糖尿病性腎症,糖尿病性腎症
腎実質性高血圧,10,10,10,名詞,疾患名,*,*,*,*,腎実質性高血圧,腎実質性高血圧,腎実質性高血圧
腎血管性高血圧,10,10,10,名詞,疾患名,*,*,*,*,腎血管性高血圧,腎血管性高血圧,腎血管性高血圧
原発性アルドステロン症,10,10,10,名詞,疾患名,*,*,*,*,原発性アルドステロン症,原発性アルドステロン症,原発性アルドステロン症
Reye症候群,10,10,10,名詞,疾患名,*,*,*,*,Reye症候群,Reye症候群,Reye症候群
ADH不適合分泌症候群〈SIADH〉,10,10,10,名詞,疾患名,*,*,*,*,ADH不適合分泌症候群〈SIADH〉,ADH不適合分泌症候群〈SIADH〉,ADH不適合分泌症候群〈SIADH〉
ADH分泌不適合症候群〈SIADH〉,10,10,10,名詞,疾患名,*,*,*,*,ADH不適合分泌症候群〈SIADH〉,ADH不適合分泌症候群〈SIADH〉,ADH不適合分泌症候群〈SIADH〉
Adie症候群,10,10,10,名詞,疾患名,*,*,*,*,Adie症候群,Adie症候群,Adie症候群
Alport症候群,10,10,10,名詞,疾患名,*,*,*,*,Alport症候群,Alport症候群,Alport症候群
Angelman症候群,10,10,10,名詞,疾患名,*,*,*,*,Angelman症候群,Angelman症候群,Angelman症候群
Asherman症候群,10,10,10,名詞,疾患名,*,*,*,*,子宮腔癒着〈Asherman症候群〉,子宮腔癒着〈Asherman症候群〉,子宮腔癒着〈Asherman症候群〉
Asperger症候群,10,10,10,名詞,疾患名,*,*,*,*,Asperger症候群,Asperger症候群,Asperger症候群
Bartter症候群,10,10,10,名詞,疾患名,*,*,*,*,Bartter症候群,Bartter症候群,Bartter症候群
blindloop症候群,10,10,10,名詞,疾患名,*,*,*,*,blindloop症候群,blindloop症候群,blindloop症候群
Boerhaave症候群,10,10,10,名詞,疾患名,*,*,*,*,Boerhaave症候群,Boerhaave症候群,Boerhaave症候群
Brugada症候群,10,10,10,名詞,疾患名,*,*,*,*,Brugada症候群,Brugada症候群,Brugada症候群
Chédiak-Higashi症候群,10,10,10,名詞,疾患名,*,*,*,*,Chédiak-Higashi症候群,Chédiak-Higashi症候群,Chédiak-Higashi症候群
Churg-Strauss症候群,10,10,10,名詞,疾患名,*,*,*,*,Churg-Strauss症候群,Churg-Strauss症候群,Churg-Strauss症候群
Crigler-Najjar症候群,10,10,10,名詞,疾患名,*,*,*,*,Crigler-Najjar症候群,Crigler-Najjar症候群,Crigler-Najjar症候群
Cushing症候群,10,10,10,名詞,疾患名,*,*,*,*,Cushing症候群,Cushing症候群,Cushing症候群
DiGeorge症候群,10,10,10,名詞,疾患名,*,*,*,*,DiGeorge症候群,DiGeorge症候群,DiGeorge症候群
Down症候群,10,10,10,名詞,疾患名,*,*,*,*,Down症候群,Down症候群,Down症候群
Dressler症候群,10,10,10,名詞,疾患名,*,*,*,*,Dressler症候群,Dressler症候群,Dressler症候群
Dubin-Johnson症候群,10,10,10,名詞,疾患名,*,*,*,*,Dubin-Johnson症候群,Dubin-Johnson症候群,Dubin-Johnson症候群
Ehlers-Danlos症候群,10,10,10,名詞,疾患名,*,*,*,*,Ehlers-Danlos症候群,Ehlers-Danlos症候群,Ehlers-Danlos症候群
Eisenmenger症候群,10,10,10,名詞,疾患名,*,*,*,*,Eisenmenger症候群,Eisenmenger症候群,Eisenmenger症候群
Evans症候群,10,10,10,名詞,疾患名,*,*,*,*,Evans症候群,Evans症候群,Evans症候群
Fanconi症候群,10,10,10,名詞,疾患名,*,*,*,*,Fanconi症候群,Fanconi症候群,Fanconi症候群
Gardner症候群,10,10,10,名詞,疾患名,*,*,*,*,Gardner症候群,Gardner症候群,Gardner症候群
Gerstmann症候群,10,10,10,名詞,疾患名,*,*,*,*,Gerstmann症候群,Gerstmann症候群,Gerstmann症候群
Gilbert症候群,10,10,10,名詞,疾患名,*,*,*,*,Gilbert症候群,Gilbert症候群,Gilbert症候群
GIST〈gastro intestinal stromal tumor〉,10,10,10,名詞,疾患名,*,*,*,*,GIST〈gastro intestinal stromal tumor〉,GIST〈gastro intestinal stromal tumor〉,GIST〈gastro intestinal stromal tumor〉
Gitelman症候群,10,10,10,名詞,疾患名,*,*,*,*,Gitelman症候群,Gitelman症候群,Gitelman症候群
Goodpasture症候群,10,10,10,名詞,疾患名,*,*,*,*,Goodpasture症候群,Goodpasture症候群,Goodpasture症候群
Guillain-Barre症候群,10,10,10,名詞,疾患名,*,*,*,*,Guillain-Barré症候群,Guillain-Barré症候群,Guillain-Barré症候群
Guillain-Barré症候群,10,10,10,名詞,疾患名,*,*,*,*,Guillain-Barré症候群,Guillain-Barré症候群,Guillain-Barré症候群
HELLP症候群,10,10,10,名詞,疾患名,*,*,*,*,HELLP症候群,HELLP症候群,HELLP症候群
Horner症候群,10,10,10,名詞,疾患名,*,*,*,*,Horner症候群,Horner症候群,Horner症候群
Hurler症候群,10,10,10,名詞,疾患名,*,*,*,*,Hurler症候群,Hurler症候群,Hurler症候群
Kallmann症候群,10,10,10,名詞,疾患名,*,*,*,*,Kallmann症候群,Kallmann症候群,Kallmann症候群
Kartagener症候群,10,10,10,名詞,疾患名,*,*,*,*,Kartagener症候群,Kartagener症候群,Kartagener症候群
Kasabach-Merritt症候群,10,10,10,名詞,疾患名,*,*,*,*,Kasabach-Merritt症候群,Kasabach-Merritt症候群,Kasabach-Merritt症候群
Klinefelter症候群,10,10,10,名詞,疾患名,*,*,*,*,Klinefelter症候群,Klinefelter症候群,Klinefelter症候群
Korsakoff症候群,10,10,10,名詞,疾患名,*,*,*,*,Korsakoff症候群,Korsakoff症候群,Korsakoff症候群
過換気症候群,10,10,10,名詞,疾患名,*,*,*,*,過換気症候群,過換気症候群,過換気症候群
Lambert-Eaton症候群,10,10,10,名詞,疾患名,*,*,*,*,Lambert-Eaton症候群,Lambert-Eaton症候群,Lambert-Eaton症候群
Lemmel症候群,10,10,10,名詞,疾患名,*,*,*,*,Lemmel症候群,Lemmel症候群,Lemmel症候群
Lennox-Gastaut症候群,10,10,10,名詞,疾患名,*,*,*,*,Lennox-Gastaut症候群,Lennox-Gastaut症候群,Lennox-Gastaut症候群
Lesch-Nyhan症候群,10,10,10,名詞,疾患名,*,*,*,*,Lesch-Nyhan症候群,Lesch-Nyhan症候群,Lesch-Nyhan症候群
Liddle症候群,10,10,10,名詞,疾患名,*,*,*,*,Liddle症候群,Liddle症候群,Liddle症候群
Mallory-Weiss症候群,10,10,10,名詞,疾患名,*,*,*,*,Mallory-Weiss症候群,Mallory-Weiss症候群,Mallory-Weiss症候群
Marfan症候群,10,10,10,名詞,疾患名,*,*,*,*,Marfan症候群,Marfan症候群,Marfan症候群
May-Thurner（腸骨静脈圧迫）症候群,10,10,10,名詞,疾患名,*,*,*,*,May-Thurner（腸骨静脈圧迫）症候群,May-Thurner（腸骨静脈圧迫）症候群,May-Thurner（腸骨静脈圧迫）症候群
Mayer-Rokitansky-Küster症候群,10,10,10,名詞,疾患名,*,*,*,*,Mayer-Rokitansky-Küster症候群,Mayer-Rokitansky-Küster症候群,Mayer-Rokitansky-Küster症候群
Ménétrier症候群,10,10,10,名詞,疾患名,*,*,*,*,Ménétrier症候群,Ménétrier症候群,Ménétrier症候群
Mirizzi症候群,10,10,10,名詞,疾患名,*,*,*,*,Mirizzi症候群,Mirizzi症候群,Mirizzi症候群
MLF症候群,10,10,10,名詞,疾患名,*,*,*,*,MLF症候群,MLF症候群,MLF症候群
Parkinson症候群,10,10,10,名詞,疾患名,*,*,*,*,Parkinson症候群,Parkinson症候群,Parkinson症候群
Peutz-Jeghers症候群,10,10,10,名詞,疾患名,*,*,*,*,Peutz-Jeghers症候群,Peutz-Jeghers症候群,Peutz-Jeghers症候群
Plummer-Vinson症候群,10,10,10,名詞,疾患名,*,*,*,*,Plummer-Vinson症候群,Plummer-Vinson症候群,Plummer-Vinson症候群
Potter症候群,10,10,10,名詞,疾患名,*,*,*,*,Potter症候群,Potter症候群,Potter症候群
Prader-Willi症候群,10,10,10,名詞,疾患名,*,*,*,*,Prader-Willi症候群,Prader-Willi症候群,Prader-Willi症候群
RamsayHunt症候群,10,10,10,名詞,疾患名,*,*,*,*,Ramsay Hunt症候群,Ramsay Hunt症候群,Ramsay Hunt症候群
Ramsay Hunt症候群,10,10,10,名詞,疾患名,*,*,*,*,Ramsay Hunt症候群,Ramsay Hunt症候群,Ramsay Hunt症候群
Raynaud症候群,10,10,10,名詞,疾患名,*,*,*,*,Raynaud症候群,Raynaud症候群,Raynaud症候群
Reiter症候群,10,10,10,名詞,疾患名,*,*,*,*,Reiter症候群,Reiter症候群,Reiter症候群
Reye症候群,10,10,10,名詞,疾患名,*,*,*,*,Reye症候群,Reye症候群,Reye症候群
Rokitansky-Küster-Hauser症候群,10,10,10,名詞,疾患名,*,*,*,*,Mayer-Rokitansky-Küster症候群,Mayer-Rokitansky-Küster症候群,Mayer-Rokitansky-Küster症候群
Rotor症候群,10,10,10,名詞,疾患名,*,*,*,*,Rotor症候群,Rotor症候群,Rotor症候群
Sézary症候群,10,10,10,名詞,疾患名,*,*,*,*,Sézary症候群,Sézary症候群,Sézary症候群
Sheehan症候群,10,10,10,名詞,疾患名,*,*,*,*,Sheehan症候群,Sheehan症候群,Sheehan症候群
Sjögren症候群,10,10,10,名詞,疾患名,*,*,*,*,Sjögren症候群,Sjögren症候群,Sjögren症候群
Sotos症候群,10,10,10,名詞,疾患名,*,*,*,*,Sotos症候群,Sotos症候群,Sotos症候群
Stevens-Johnson症候群,10,10,10,名詞,疾患名,*,*,*,*,Stevens-Johnson症候群,Stevens-Johnson症候群,Stevens-Johnson症候群
Stevens－Johnson症候群,10,10,10,名詞,疾患名,*,*,*,*,Stevens-Johnson症候群,Stevens-Johnson症候群,Stevens-Johnson症候群
Sturge-Weber症候群,10,10,10,名詞,疾患名,*,*,*,*,Sturge-Weber症候群,Sturge-Weber症候群,Sturge-Weber症候群
Tourette症候群,10,10,10,名詞,疾患名,*,*,*,*,Tourette症候群,Tourette症候群,Tourette症候群
Turner症候群,10,10,10,名詞,疾患名,*,*,*,*,Turner症候群,Turner症候群,Turner症候群
Wallenberg症候群,10,10,10,名詞,疾患名,*,*,*,*,Wallenberg症候群,Wallenberg症候群,Wallenberg症候群
Waterhouse-Friderichsen症候群,10,10,10,名詞,疾患名,*,*,*,*,Waterhouse-Friderichsen症候群,Waterhouse-Friderichsen症候群,Waterhouse-Friderichsen症候群
Werdnig-Hoffmann症候群,10,10,10,名詞,疾患名,*,*,*,*,Werdnig-Hoffmann症候群,Werdnig-Hoffmann症候群,Werdnig-Hoffmann症候群
West症候群,10,10,10,名詞,疾患名,*,*,*,*,West症候群,West症候群,West症候群
Wilson-Mikity症候群,10,10,10,名詞,疾患名,*,*,*,*,Wilson-Mikity症候群,Wilson-Mikity症候群,Wilson-Mikity症候群
Wiskott-Aldrich症候群,10,10,10,名詞,疾患名,*,*,*,*,Wiskott-Aldrich症候群,Wiskott-Aldrich症候群,Wiskott-Aldrich症候群
WPW症候群,10,10,10,名詞,疾患名,*,*,*,*,WPW症候群,WPW症候群,WPW症候群
Zollinger-Ellison症候群,10,10,10,名詞,疾患名,*,*,*,*,Zollinger-Ellison症候群,Zollinger-Ellison症候群,Zollinger-Ellison症候群
アレルギー性肉芽腫性血管炎〈Churg-Strauss症候群〉,10,10,10,名詞,疾患名,*,*,*,*,好酸球性多発血管炎性肉芽腫症〈Churg-Strauss症候群〉,好酸球性多発血管炎性肉芽腫症〈Churg-Strauss症候群〉,好酸球性多発血管炎性肉芽腫症〈Churg-Strauss症候群〉
アレルギー性肉芽腫性血管炎,10,10,10,名詞,疾患名,*,*,*,*,好酸球性多発血管炎性肉芽腫症〈Churg-Strauss症候群〉,好酸球性多発血管炎性肉芽腫症〈Churg-Strauss症候群〉,好酸球性多発血管炎性肉芽腫症〈Churg-Strauss症候群〉
Churg-Strauss症候群,10,10,10,名詞,疾患名,*,*,*,*,好酸球性多発血管炎性肉芽腫症〈Churg-Strauss症候群〉,好酸球性多発血管炎性肉芽腫症〈Churg-Strauss症候群〉,好酸球性多発血管炎性肉芽腫症〈Churg-Strauss症候群〉
クループ症候群,10,10,10,名詞,疾患名,*,*,*,*,クループ症候群,クループ症候群,クループ症候群
コンパートメント症候群,10,10,10,名詞,疾患名,*,*,*,*,コンパートメント症候群,コンパートメント症候群,コンパートメント症候群
ダンピング症候群,10,10,10,名詞,疾患名,*,*,*,*,ダンピング症候群,ダンピング症候群,ダンピング症候群
急性呼吸窮迫症候群〈ARDS〉,10,10,10,名詞,疾患名,*,*,*,*,急性呼吸窮迫症候群〈ARDS〉,急性呼吸窮迫症候群〈ARDS〉,急性呼吸窮迫症候群〈ARDS〉
急性呼吸窮迫症候群,10,10,10,名詞,疾患名,*,*,*,*,急性呼吸窮迫症候群〈ARDS〉,急性呼吸窮迫症候群〈ARDS〉,急性呼吸窮迫症候群〈ARDS〉
ARDS,10,10,10,名詞,疾患名,*,*,*,*,急性呼吸窮迫症候群〈ARDS〉,急性呼吸窮迫症候群〈ARDS〉,急性呼吸窮迫症候群〈ARDS〉
急性呼吸促迫症候群,10,10,10,名詞,疾患名,*,*,*,*,急性呼吸窮迫症候群〈ARDS〉,急性呼吸窮迫症候群〈ARDS〉,急性呼吸窮迫症候群〈ARDS〉
急性呼吸促迫症候群〈ARDS〉,10,10,10,名詞,疾患名,*,*,*,*,急性呼吸窮迫症候群〈ARDS〉,急性呼吸窮迫症候群〈ARDS〉,急性呼吸窮迫症候群〈ARDS〉
ネコ鳴き〈5p－〉症候群,10,10,10,名詞,疾患名,*,*,*,*,ネコ鳴き〈5p－〉症候群,ネコ鳴き〈5p－〉症候群,ネコ鳴き〈5p－〉症候群
ネフローゼ症候群,10,10,10,名詞,疾患名,*,*,*,*,ネフローゼ症候群,ネフローゼ症候群,ネフローゼ症候群
ビリルビン代謝異常,10,10,10,名詞,疾患名,*,*,*,*,ビリルビン代謝異常,ビリルビン代謝異常,ビリルビン代謝異常
ブドウ球菌性熱傷様皮膚症候群,10,10,10,名詞,疾患名,*,*,*,*,ブドウ球菌性熱傷様皮膚症候群,ブドウ球菌性熱傷様皮膚症候群,ブドウ球菌性熱傷様皮膚症候群
むずむず脚症候群,10,10,10,名詞,疾患名,*,*,*,*,むずむず脚症候群,むずむず脚症候群,むずむず脚症候群
悪性症候群,10,10,10,名詞,疾患名,*,*,*,*,悪性症候群,悪性症候群,悪性症候群
過敏性腸症候群,10,10,10,名詞,疾患名,*,*,*,*,過敏性腸症候群,過敏性腸症候群,過敏性腸症候群
基底膜菲薄化症候群〈良性家族性血尿〉,10,10,10,名詞,疾患名,*,*,*,*,基底膜菲薄化症候群〈良性家族性血尿〉,基底膜菲薄化症候群〈良性家族性血尿〉,基底膜菲薄化症候群〈良性家族性血尿〉
偽性Bartter症候群,10,10,10,名詞,疾患名,*,*,*,*,偽性Bartter症候群,偽性Bartter症候群,偽性Bartter症候群
吸収不良症候群,10,10,10,名詞,疾患名,*,*,*,*,吸収不良症候群,吸収不良症候群,吸収不良症候群
急性冠症候群,10,10,10,名詞,疾患名,*,*,*,*,急性冠症候群,急性冠症候群,急性冠症候群
胸郭出口症候群,10,10,10,名詞,疾患名,*,*,*,*,胸郭出口症候群,胸郭出口症候群,胸郭出口症候群
緊張病症候群,10,10,10,名詞,疾患名,*,*,*,*,緊張病症候群,緊張病症候群,緊張病症候群
血球貪食症候群,10,10,10,名詞,疾患名,*,*,*,*,血球貪食症候群,血球貪食症候群,血球貪食症候群
月経前症候群,10,10,10,名詞,疾患名,*,*,*,*,月経前症候群,月経前症候群,月経前症候群
肩手症候群,10,10,10,名詞,疾患名,*,*,*,*,肩手症候群,肩手症候群,肩手症候群
呼吸窮迫症候群,10,10,10,名詞,疾患名,*,*,*,*,新生児呼吸窮迫症候群〈RDS〉,新生児呼吸窮迫症候群〈RDS〉,新生児呼吸窮迫症候群〈RDS〉
呼吸窮迫症候群〈RDS〉,10,10,10,名詞,疾患名,*,*,*,*,新生児呼吸窮迫症候群〈RDS〉,新生児呼吸窮迫症候群〈RDS〉,新生児呼吸窮迫症候群〈RDS〉
後天性免疫不全症候群,10,10,10,名詞,疾患名,*,*,*,*,後天性免疫不全症候群〈AIDS〉,後天性免疫不全症候群〈AIDS〉,後天性免疫不全症候群〈AIDS〉
後天性免疫不全症候群〈AIDS〉,10,10,10,名詞,疾患名,*,*,*,*,後天性免疫不全症候群〈AIDS〉,後天性免疫不全症候群〈AIDS〉,後天性免疫不全症候群〈AIDS〉
口腔アレルギー症候群,10,10,10,名詞,疾患名,*,*,*,*,口腔アレルギー症候群,口腔アレルギー症候群,口腔アレルギー症候群
好酸球性胃腸炎,10,10,10,名詞,疾患名,*,*,*,*,好酸球性胃腸炎,好酸球性胃腸炎,好酸球性胃腸炎
好酸球性多発血管炎性肉芽腫症〈Churg-Strauss症候群〉,10,10,10,名詞,疾患名,*,*,*,*,好酸球性多発血管炎性肉芽腫症〈Churg-Strauss症候群〉,好酸球性多発血管炎性肉芽腫症〈Churg-Strauss症候群〉,好酸球性多発血管炎性肉芽腫症〈Churg-Strauss症候群〉
好酸球性多発血管炎性肉芽腫症,10,10,10,名詞,疾患名,*,*,*,*,好酸球性多発血管炎性肉芽腫症〈Churg-Strauss症候群〉,好酸球性多発血管炎性肉芽腫症〈Churg-Strauss症候群〉,好酸球性多発血管炎性肉芽腫症〈Churg-Strauss症候群〉
抗リン脂質抗体症候群,10,10,10,名詞,疾患名,*,*,*,*,抗リン脂質抗体症候群,抗リン脂質抗体症候群,抗リン脂質抗体症候群
抗リン脂質症候群,10,10,10,名詞,疾患名,*,*,*,*,抗リン脂質抗体症候群,抗リン脂質抗体症候群,抗リン脂質抗体症候群
高安動脈炎〈大動脈炎症候群〉,10,10,10,名詞,疾患名,*,*,*,*,高安動脈炎〈大動脈炎症候群〉,高安動脈炎〈大動脈炎症候群〉,高安動脈炎〈大動脈炎症候群〉
高安動脈炎,10,10,10,名詞,疾患名,*,*,*,*,高安動脈炎〈大動脈炎症候群〉,高安動脈炎〈大動脈炎症候群〉,高安動脈炎〈大動脈炎症候群〉
大動脈炎症候群,10,10,10,名詞,疾患名,*,*,*,*,高安動脈炎〈大動脈炎症候群〉,高安動脈炎〈大動脈炎症候群〉,高安動脈炎〈大動脈炎症候群〉
骨髄異形成症候群,10,10,10,名詞,疾患名,*,*,*,*,骨髄異形成症候群〈MDS〉,骨髄異形成症候群〈MDS〉,骨髄異形成症候群〈MDS〉
骨髄異形成症候群〈MDS〉,10,10,10,名詞,疾患名,*,*,*,*,骨髄異形成症候群〈MDS〉,骨髄異形成症候群〈MDS〉,骨髄異形成症候群〈MDS〉
左心低形成症候群,10,10,10,名詞,疾患名,*,*,*,*,左心低形成症候群,左心低形成症候群,左心低形成症候群
子宮腔癒着〈Asherman症候群〉,10,10,10,名詞,疾患名,*,*,*,*,子宮腔癒着〈Asherman症候群〉,子宮腔癒着〈Asherman症候群〉,子宮腔癒着〈Asherman症候群〉
子宮腔癒着,10,10,10,名詞,疾患名,*,*,*,*,子宮腔癒着〈Asherman症候群〉,子宮腔癒着〈Asherman症候群〉,子宮腔癒着〈Asherman症候群〉
手根管症候群,10,10,10,名詞,疾患名,*,*,*,*,手根管症候群,手根管症候群,手根管症候群
腫瘍崩壊症候群,10,10,10,名詞,疾患名,*,*,*,*,腫瘍崩壊症候群,腫瘍崩壊症候群,腫瘍崩壊症候群
十二指腸閉鎖症,10,10,10,名詞,疾患名,*,*,*,*,十二指腸閉鎖症,十二指腸閉鎖症,十二指腸閉鎖症
重症急性呼吸器症候群〈SARS〉,10,10,10,名詞,疾患名,*,*,*,*,重症急性呼吸器症候群〈SARS〉,重症急性呼吸器症候群〈SARS〉,重症急性呼吸器症候群〈SARS〉
重症急性呼吸器症候群,10,10,10,名詞,疾患名,*,*,*,*,重症急性呼吸器症候群〈SARS〉,重症急性呼吸器症候群〈SARS〉,重症急性呼吸器症候群〈SARS〉
SARS,10,10,10,名詞,疾患名,*,*,*,*,重症急性呼吸器症候群〈SARS〉,重症急性呼吸器症候群〈SARS〉,重症急性呼吸器症候群〈SARS〉
睡眠時無呼吸症候群,10,10,10,名詞,疾患名,*,*,*,*,睡眠時無呼吸症候群,睡眠時無呼吸症候群,睡眠時無呼吸症候群
消化管ポリポーシス,10,10,10,名詞,疾患名,*,*,*,*,消化管ポリポーシス,消化管ポリポーシス,消化管ポリポーシス
上大静脈症候群,10,10,10,名詞,疾患名,*,*,*,*,上大静脈症候群,上大静脈症候群,上大静脈症候群
上腸間膜動脈症候群,10,10,10,名詞,疾患名,*,*,*,*,上腸間膜動脈症候群,上腸間膜動脈症候群,上腸間膜動脈症候群
上半規管裂隙症候群,10,10,10,名詞,疾患名,*,*,*,*,上半規管裂隙症候群,上半規管裂隙症候群,上半規管裂隙症候群
新生児呼吸窮迫症候群〈RDS〉,10,10,10,名詞,疾患名,*,*,*,*,新生児呼吸窮迫症候群〈RDS〉,新生児呼吸窮迫症候群〈RDS〉,新生児呼吸窮迫症候群〈RDS〉
新生児呼吸窮迫症候群,10,10,10,名詞,疾患名,*,*,*,*,新生児呼吸窮迫症候群〈RDS〉,新生児呼吸窮迫症候群〈RDS〉,新生児呼吸窮迫症候群〈RDS〉
先天性QT延長症候群,10,10,10,名詞,疾患名,*,*,*,*,先天性QT延長症候群,先天性QT延長症候群,先天性QT延長症候群
先天性風疹症候群,10,10,10,名詞,疾患名,*,*,*,*,先天性風疹症候群,先天性風疹症候群,先天性風疹症候群
前骨間神経症候群,10,10,10,名詞,疾患名,*,*,*,*,前骨間神経症候群,前骨間神経症候群,前骨間神経症候群
僧帽弁逸脱症候群,10,10,10,名詞,疾患名,*,*,*,*,僧帽弁逸脱症候群,僧帽弁逸脱症候群,僧帽弁逸脱症候群
双胎間輸血症候群,10,10,10,名詞,疾患名,*,*,*,*,双胎間輸血症候群,双胎間輸血症候群,双胎間輸血症候群
多嚢胞性卵巣症候群,10,10,10,名詞,疾患名,*,*,*,*,多嚢胞性卵巣症候群,多嚢胞性卵巣症候群,多嚢胞性卵巣症候群
胎便吸引症候群,10,10,10,名詞,疾患名,*,*,*,*,胎便吸引症候群,胎便吸引症候群,胎便吸引症候群
大動脈炎症候群,10,10,10,名詞,疾患名,*,*,*,*,大動脈炎症候群,大動脈炎症候群,大動脈炎症候群
腸管出血性大腸菌感染症,10,10,10,名詞,疾患名,*,*,*,*,腸管出血性大腸菌感染症,腸管出血性大腸菌感染症,腸管出血性大腸菌感染症
通過症候群,10,10,10,名詞,疾患名,*,*,*,*,通過症候群,通過症候群,通過症候群
洞機能不全症候群,10,10,10,名詞,疾患名,*,*,*,*,洞機能不全症候群,洞機能不全症候群,洞機能不全症候群
洞不全症候群,10,10,10,名詞,疾患名,*,*,*,*,洞不全症候群,洞不全症候群,洞不全症候群
毒素原性大腸菌食中毒,10,10,10,名詞,疾患名,*,*,*,*,毒素原性大腸菌食中毒,毒素原性大腸菌食中毒,毒素原性大腸菌食中毒
乳幼児突然死症候群,10,10,10,名詞,疾患名,*,*,*,*,乳幼児突然死症候群〈SIDS〉,乳幼児突然死症候群〈SIDS〉,乳幼児突然死症候群〈SIDS〉
乳幼児突然死症候群〈SIDS〉,10,10,10,名詞,疾患名,*,*,*,*,乳幼児突然死症候群〈SIDS〉,乳幼児突然死症候群〈SIDS〉,乳幼児突然死症候群〈SIDS〉
妊娠高血圧症候群,10,10,10,名詞,疾患名,*,*,*,*,妊娠高血圧症候群,妊娠高血圧症候群,妊娠高血圧症候群
猫鳴き症候群,10,10,10,名詞,疾患名,*,*,*,*,猫鳴き症候群,猫鳴き症候群,猫鳴き症候群
廃用症候群,10,10,10,名詞,疾患名,*,*,*,*,廃用症候群,廃用症候群,廃用症候群
微小変化型ネフローゼ症候群,10,10,10,名詞,疾患名,*,*,*,*,微小変化型ネフローゼ症候群,微小変化型ネフローゼ症候群,微小変化型ネフローゼ症候群
肘部管症候群,10,10,10,名詞,疾患名,*,*,*,*,肘部管症候群,肘部管症候群,肘部管症候群
不均衡症候群,10,10,10,名詞,疾患名,*,*,*,*,不均衡症候群,不均衡症候群,不均衡症候群
副鼻腔気管支症候群,10,10,10,名詞,疾患名,*,*,*,*,副鼻腔気管支症候群,副鼻腔気管支症候群,副鼻腔気管支症候群
複合性局所疼痛症候群,10,10,10,名詞,疾患名,*,*,*,*,複合性局所疼痛症候群,複合性局所疼痛症候群,複合性局所疼痛症候群
慢性腎炎症候群,10,10,10,名詞,疾患名,*,*,*,*,慢性腎炎症候群,慢性腎炎症候群,慢性腎炎症候群
慢性疲労症候群,10,10,10,名詞,疾患名,*,*,*,*,慢性疲労症候群,慢性疲労症候群,慢性疲労症候群
薬剤性Parkinson症候群,10,10,10,名詞,疾患名,*,*,*,*,薬剤性Parkinson症候群,薬剤性Parkinson症候群,薬剤性Parkinson症候群
薬剤性過敏症症候群,10,10,10,名詞,疾患名,*,*,*,*,薬剤性過敏症症候群〈DDS〉,薬剤性過敏症症候群〈DDS〉,薬剤性過敏症症候群〈DDS〉
薬剤性過敏症症候群〈drug-induced hypersensitivity syndrome〉,10,10,10,名詞,疾患名,*,*,*,*,薬剤性過敏症症候群〈DDS〉,薬剤性過敏症症候群〈DDS〉,薬剤性過敏症症候群〈DDS〉
DDS,10,10,10,名詞,疾患名,*,*,*,*,薬剤性過敏症症候群〈DDS〉,薬剤性過敏症症候群〈DDS〉,薬剤性過敏症症候群〈DDS〉
溶血性尿毒症症候群,10,10,10,名詞,疾患名,*,*,*,*,溶血性尿毒症症候群〈HUS〉,溶血性尿毒症症候群〈HUS〉,溶血性尿毒症症候群〈HUS〉
溶血性尿毒症症候群〈HUS〉,10,10,10,名詞,疾患名,*,*,*,*,溶血性尿毒症症候群〈HUS〉,溶血性尿毒症症候群〈HUS〉,溶血性尿毒症症候群〈HUS〉
HUS,10,10,10,名詞,疾患名,*,*,*,*,溶血性尿毒症症候群〈HUS〉,溶血性尿毒症症候群〈HUS〉,溶血性尿毒症症候群〈HUS〉
膵・胆管合流異常症,10,10,10,名詞,疾患名,*,*,*,*,膵・胆管合流異常症,膵・胆管合流異常症,膵・胆管合流異常症
頸肩腕症候群,10,10,10,名詞,疾患名,*,*,*,*,頸肩腕症候群,頸肩腕症候群,頸肩腕症候群
頸静脈孔症候群,10,10,10,名詞,疾患名,*,*,*,*,頸静脈孔症候群,頸静脈孔症候群,頸静脈孔症候群
13trisomy,10,10,10,名詞,疾患名,*,*,*,*,13trisomy,13trisomy,13trisomy
17-α水酸化酵素欠損症,10,10,10,名詞,疾患名,*,*,*,*,17-α水酸化酵素欠損症,17-α水酸化酵素欠損症,17-α水酸化酵素欠損症
ACTH単独欠損症,10,10,10,名詞,疾患名,*,*,*,*,ACTH単独欠損症,ACTH単独欠損症,ACTH単独欠損症
Alzheimer型認知症,10,10,10,名詞,疾患名,*,*,*,*,Alzheimer型認知症,Alzheimer型認知症,Alzheimer型認知症
Barrett食道腺癌,10,10,10,名詞,疾患名,*,*,*,*,Barrett食道腺癌,Barrett食道腺癌,Barrett食道腺癌
B型肝炎,10,10,10,名詞,疾患名,*,*,*,*,B型肝炎,B型肝炎,B型肝炎
C1インヒビター欠損症,10,10,10,名詞,疾患名,*,*,*,*,C1インヒビター欠損症,C1インヒビター欠損症,C1インヒビター欠損症
EBウイルス感染症,10,10,10,名詞,疾患名,*,*,*,*,EBウイルス感染症,EBウイルス感染症,EBウイルス感染症
Fabry病,10,10,10,名詞,疾患名,*,*,*,*,Fabry病,Fabry病,Fabry病
Fallot四徴症,10,10,10,名詞,疾患名,*,*,*,*,Fallot四徴症,Fallot四徴症,Fallot四徴症
HIV感染症,10,10,10,名詞,疾患名,*,*,*,*,HIV感染症,HIV感染症,HIV感染症
HIV脳症,10,10,10,名詞,疾患名,*,*,*,*,HIV脳症,HIV脳症,HIV脳症
HMG-CoA還元酵素阻害薬,10,10,10,名詞,疾患名,*,*,*,*,HMG-CoA還元酵素阻害薬,HMG-CoA還元酵素阻害薬,HMG-CoA還元酵素阻害薬
Horner症侯群,10,10,10,名詞,疾患名,*,*,*,*,Horner症侯群,Horner症侯群,Horner症侯群
IgA腎症,10,10,10,名詞,疾患名,*,*,*,*,IgA腎症,IgA腎症,IgA腎症
Langerhans細胞性組織球症,10,10,10,名詞,疾患名,*,*,*,*,Langerhans細胞性組織球症,Langerhans細胞性組織球症,Langerhans細胞性組織球症
Leigh脳症,10,10,10,名詞,疾患名,*,*,*,*,Leigh脳症,Leigh脳症,Leigh脳症
Lewy小体型認知症,10,10,10,名詞,疾患名,*,*,*,*,Lewy小体型認知症,Lewy小体型認知症,Lewy小体型認知症
Pancoast型肺癌,10,10,10,名詞,疾患名,*,*,*,*,Pancoast型肺癌,Pancoast型肺癌,Pancoast型肺癌
Raynaud症状,10,10,10,名詞,疾患名,*,*,*,*,Raynaud症状,Raynaud症状,Raynaud症状
S状結腸軸捻転症,10,10,10,名詞,疾患名,*,*,*,*,S状結腸軸捻転症,S状結腸軸捻転症,S状結腸軸捻転症
Wegener肉芽腫症,10,10,10,名詞,疾患名,*,*,*,*,多発血管炎性肉芽腫症〈Wegener肉芽腫症〉,多発血管炎性肉芽腫症〈Wegener肉芽腫症〉,多発血管炎性肉芽腫症〈Wegener肉芽腫症〉
Wegener肉芽腫症〈granulomatosis with polyangiitis〉,10,10,10,名詞,疾患名,*,*,*,*,多発血管炎性肉芽腫症〈Wegener肉芽腫症〉,多発血管炎性肉芽腫症〈Wegener肉芽腫症〉,多発血管炎性肉芽腫症〈Wegener肉芽腫症〉
Wernicke脳症,10,10,10,名詞,疾患名,*,*,*,*,Wernicke脳症,Wernicke脳症,Wernicke脳症
X連鎖性無ガンマグロブリン血症,10,10,10,名詞,疾患名,*,*,*,*,X連鎖無ガンマグロブリン血症,X連鎖無ガンマグロブリン血症,X連鎖無ガンマグロブリン血症
X連鎖無ガンマグロブリン血症,10,10,10,名詞,疾患名,*,*,*,*,X連鎖無ガンマグロブリン血症,X連鎖無ガンマグロブリン血症,X連鎖無ガンマグロブリン血症
アシデミア〈酸血症〉,10,10,10,名詞,疾患名,*,*,*,*,アシデミア〈酸血症〉,アシデミア〈酸血症〉,アシデミア〈酸血症〉
アデノイド増殖症,10,10,10,名詞,疾患名,*,*,*,*,アデノイド増殖症,アデノイド増殖症,アデノイド増殖症
アデノシンデアミナーゼ欠損症,10,10,10,名詞,疾患名,*,*,*,*,アデノシンデアミナーゼ欠損症,アデノシンデアミナーゼ欠損症,アデノシンデアミナーゼ欠損症
アレルギー性気管支肺アスペルギルス症,10,10,10,名詞,疾患名,*,*,*,*,アレルギー性気管支肺アスペルギルス症,アレルギー性気管支肺アスペルギルス症,アレルギー性気管支肺アスペルギルス症
インフルエンザ脳症,10,10,10,名詞,疾患名,*,*,*,*,インフルエンザ脳症,インフルエンザ脳症,インフルエンザ脳症
ウイルス性発疹症,10,10,10,名詞,疾患名,*,*,*,*,ウイルス性発疹症,ウイルス性発疹症,ウイルス性発疹症
オルニチントランスカルバミラーゼ欠損症,10,10,10,名詞,疾患名,*,*,*,*,オルニチントランスカルバミラーゼ欠損症,オルニチントランスカルバミラーゼ欠損症,オルニチントランスカルバミラーゼ欠損症
クリオグロブリン血症,10,10,10,名詞,疾患名,*,*,*,*,クリオグロブリン血症,クリオグロブリン血症,クリオグロブリン血症
クリオグロブリン血症性血管炎,10,10,10,名詞,疾患名,*,*,*,*,クリオグロブリン血症,クリオグロブリン血症,クリオグロブリン血症
グルコース－6－リン酸脱水素酵素欠損症,10,10,10,名詞,疾患名,*,*,*,*,グルコース－6－リン酸脱水素酵素欠損症,グルコース－6－リン酸脱水素酵素欠損症,グルコース－6－リン酸脱水素酵素欠損症
こむら返り〈こぶら返り〉,10,10,10,名詞,疾患名,*,*,*,*,こむら返り〈こぶら返り〉,こむら返り〈こぶら返り〉,こむら返り〈こぶら返り〉
コロモジラミ症,10,10,10,名詞,疾患名,*,*,*,*,コロモジラミ症,コロモジラミ症,コロモジラミ症
コンタクトレンズ眼症,10,10,10,名詞,疾患名,*,*,*,*,コンタクトレンズ眼症,コンタクトレンズ眼症,コンタクトレンズ眼症
サイトメガロウイルス感染症,10,10,10,名詞,疾患名,*,*,*,*,サイトメガロウイルス感染症,サイトメガロウイルス感染症,サイトメガロウイルス感染症
じん肺症,10,10,10,名詞,疾患名,*,*,*,*,じん肺症,じん肺症,じん肺症
たこつぼ心筋症,10,10,10,名詞,疾患名,*,*,*,*,たこつぼ心筋症,たこつぼ心筋症,たこつぼ心筋症
ネコノミ症,10,10,10,名詞,疾患名,*,*,*,*,ネコノミ症,ネコノミ症,ネコノミ症
ノロウイルス感染症,10,10,10,名詞,疾患名,*,*,*,*,ノロウイルス感染症,ノロウイルス感染症,ノロウイルス感染症
パルボウイルスB19感染症,10,10,10,名詞,疾患名,*,*,*,*,パルボウイルスB19感染症,パルボウイルスB19感染症,パルボウイルスB19感染症
ビタミンK欠乏症,10,10,10,名詞,疾患名,*,*,*,*,ビタミンK欠乏症,ビタミンK欠乏症,ビタミンK欠乏症
ビタミンA欠乏,10,10,10,名詞,疾患名,*,*,*,*,ビタミンA欠乏,ビタミンA欠乏,ビタミンA欠乏
ビタミンB▼1▼欠乏症,10,10,10,名詞,疾患名,*,*,*,*,ビタミンB▼1▼欠乏症,ビタミンB▼1▼欠乏症,ビタミンB▼1▼欠乏症
ビタミンB▼12▼欠乏症,10,10,10,名詞,疾患名,*,*,*,*,ビタミンB▼12▼欠乏症,ビタミンB▼12▼欠乏症,ビタミンB▼12▼欠乏症
ビタミンC欠乏症,10,10,10,名詞,疾患名,*,*,*,*,ビタミンC欠乏症,ビタミンC欠乏症,ビタミンC欠乏症
ビタミンD欠乏症,10,10,10,名詞,疾患名,*,*,*,*,ビタミンD欠乏症,ビタミンD欠乏症,ビタミンD欠乏症
ヒトT細胞白血病ウイルス感染症,10,10,10,名詞,疾患名,*,*,*,*,ヒトT細胞白血病ウイルス感染症,ヒトT細胞白血病ウイルス感染症,ヒトT細胞白血病ウイルス感染症
プラスミノゲン活性化抑制因子1欠損症,10,10,10,名詞,疾患名,*,*,*,*,プラスミノゲン活性化抑制因子1欠損症,プラスミノゲン活性化抑制因子1欠損症,プラスミノゲン活性化抑制因子1欠損症
プロテインC欠乏症,10,10,10,名詞,疾患名,*,*,*,*,プロテインC欠乏症,プロテインC欠乏症,プロテインC欠乏症
プロテインS欠乏症,10,10,10,名詞,疾患名,*,*,*,*,プロテインS欠乏症,プロテインS欠乏症,プロテインS欠乏症
ヘリコバクター・ピロリ感染症,10,10,10,名詞,疾患名,*,*,*,*,ヘリコバクター・ピロリ感染症,ヘリコバクター・ピロリ感染症,ヘリコバクター・ピロリ感染症
マダニ症,10,10,10,名詞,疾患名,*,*,*,*,マダニ症,マダニ症,マダニ症
メチシリン耐性黄色ブドウ球菌感染症,10,10,10,名詞,疾患名,*,*,*,*,メチシリン耐性黄色ブドウ球菌感染症,メチシリン耐性黄色ブドウ球菌感染症,メチシリン耐性黄色ブドウ球菌感染症
リーシュマニア感染症,10,10,10,名詞,疾患名,*,*,*,*,リーシュマニア感染症,リーシュマニア感染症,リーシュマニア感染症
リウマチ性多発筋痛症,10,10,10,名詞,疾患名,*,*,*,*,リウマチ性多発筋痛症,リウマチ性多発筋痛症,リウマチ性多発筋痛症
亜急性脊髄連合変性症,10,10,10,名詞,疾患名,*,*,*,*,亜急性脊髄連合変性症,亜急性脊髄連合変性症,亜急性脊髄連合変性症
胃無酸症,10,10,10,名詞,疾患名,*,*,*,*,胃無酸症,胃無酸症,胃無酸症
遺伝性球状赤血球症,10,10,10,名詞,疾患名,*,*,*,*,遺伝性球状赤血球症,遺伝性球状赤血球症,遺伝性球状赤血球症
遺伝性脊髄小脳変性症,10,10,10,名詞,疾患名,*,*,*,*,遺伝性脊髄小脳変性症,遺伝性脊髄小脳変性症,遺伝性脊髄小脳変性症
陰茎絞扼症,10,10,10,名詞,疾患名,*,*,*,*,陰茎絞扼症,陰茎絞扼症,陰茎絞扼症
下垂体機能低下症,10,10,10,名詞,疾患名,*,*,*,*,下垂体機能低下症,下垂体機能低下症,下垂体機能低下症
下垂体性小人症,10,10,10,名詞,疾患名,*,*,*,*,下垂体性小人症,下垂体性小人症,下垂体性小人症
下垂体前葉機能低下症,10,10,10,名詞,疾患名,*,*,*,*,下垂体前葉機能低下症,下垂体前葉機能低下症,下垂体前葉機能低下症
家族性低リン血症性骨軟化症,10,10,10,名詞,疾患名,*,*,*,*,家族性低リン血症性骨軟化症,家族性低リン血症性骨軟化症,家族性低リン血症性骨軟化症
過敏性腸症候群,10,10,10,名詞,疾患名,*,*,*,*,過敏性腸症候群,過敏性腸症候群,過敏性腸症候群
壊疽性膿皮症,10,10,10,名詞,疾患名,*,*,*,*,壊疽性膿皮症,壊疽性膿皮症,壊疽性膿皮症
開放隅角緑内障,10,10,10,名詞,疾患名,*,*,*,*,開放隅角緑内障,開放隅角緑内障,開放隅角緑内障
冠攣縮性狭心症,10,10,10,名詞,疾患名,*,*,*,*,冠攣縮性狭心症,冠攣縮性狭心症,冠攣縮性狭心症
癌性リンパ管症,10,10,10,名詞,疾患名,*,*,*,*,癌性リンパ管症,癌性リンパ管症,癌性リンパ管症
気管支拡張症,10,10,10,名詞,疾患名,*,*,*,*,気管支拡張症,気管支拡張症,気管支拡張症
偽認知症,10,10,10,名詞,疾患名,*,*,*,*,偽認知症,偽認知症,偽認知症
急性肺血栓塞栓症,10,10,10,名詞,疾患名,*,*,*,*,急性肺血栓塞栓症,急性肺血栓塞栓症,急性肺血栓塞栓症
虚血性視神経症,10,10,10,名詞,疾患名,*,*,*,*,虚血性視神経症,虚血性視神経症,虚血性視神経症
虚血性心筋症,10,10,10,名詞,疾患名,*,*,*,*,虚血性心筋症,虚血性心筋症,虚血性心筋症
恐怖症性不安障害,10,10,10,名詞,疾患名,*,*,*,*,恐怖症性不安障害,恐怖症性不安障害,恐怖症性不安障害
筋萎縮性側索硬化症,10,10,10,名詞,疾患名,*,*,*,*,筋萎縮性側索硬化症〈ALS〉,筋萎縮性側索硬化症〈ALS〉,筋萎縮性側索硬化症〈ALS〉
ALS,10,10,10,名詞,疾患名,*,*,*,*,筋萎縮性側索硬化症〈ALS〉,筋萎縮性側索硬化症〈ALS〉,筋萎縮性側索硬化症〈ALS〉
筋萎縮性側索硬化症〈ALS〉,10,10,10,名詞,疾患名,*,*,*,*,筋萎縮性側索硬化症〈ALS〉,筋萎縮性側索硬化症〈ALS〉,筋萎縮性側索硬化症〈ALS〉
劇症1型糖尿病,10,10,10,名詞,疾患名,*,*,*,*,劇症1型糖尿病,劇症1型糖尿病,劇症1型糖尿病
劇症肝炎,10,10,10,名詞,疾患名,*,*,*,*,劇症肝炎,劇症肝炎,劇症肝炎
結節性硬化症,10,10,10,名詞,疾患名,*,*,*,*,結節性硬化症,結節性硬化症,結節性硬化症
血管性認知症,10,10,10,名詞,疾患名,*,*,*,*,血管性認知症,血管性認知症,血管性認知症
血友病性関節症,10,10,10,名詞,疾患名,*,*,*,*,血友病性関節症,血友病性関節症,血友病性関節症
原発性甲状腺機能低下症,10,10,10,名詞,疾患名,*,*,*,*,甲状腺機能低下症,甲状腺機能低下症,甲状腺機能低下症
原発性骨髄線維症,10,10,10,名詞,疾患名,*,*,*,*,骨髄線維症,骨髄線維症,骨髄線維症
原発性骨粗鬆症,10,10,10,名詞,疾患名,*,*,*,*,骨粗鬆症,骨粗鬆症,骨粗鬆症
原発性アルドステロン症,10,10,10,名詞,疾患名,*,*,*,*,原発性アルドステロン症,原発性アルドステロン症,原発性アルドステロン症
原発性副甲状腺機能亢進症,10,10,10,名詞,疾患名,*,*,*,*,副甲状腺機能亢進症,副甲状腺機能亢進症,副甲状腺機能亢進症
口腔内カンジダ症,10,10,10,名詞,疾患名,*,*,*,*,口腔内カンジダ症,口腔内カンジダ症,口腔内カンジダ症
高Ca血症,10,10,10,名詞,疾患名,*,*,*,*,高Ca血症,高Ca血症,高Ca血症
高Cl血症,10,10,10,名詞,疾患名,*,*,*,*,高Cl血症,高Cl血症,高Cl血症
高CO▼2▼血症,10,10,10,名詞,疾患名,*,*,*,*,高CO▼2▼血症,高CO▼2▼血症,高CO▼2▼血症
高IgG血症,10,10,10,名詞,疾患名,*,*,*,*,高IgG血症,高IgG血症,高IgG血症
高K血症,10,10,10,名詞,疾患名,*,*,*,*,高K血症,高K血症,高K血症
高LDLコレステロール血症,10,10,10,名詞,疾患名,*,*,*,*,高LDLコレステロール血症,高LDLコレステロール血症,高LDLコレステロール血症
高Na血症,10,10,10,名詞,疾患名,*,*,*,*,高Na血症,高Na血症,高Na血症
高ヘモグロビン血症,10,10,10,名詞,疾患名,*,*,*,*,高ヘモグロビン血症,高ヘモグロビン血症,高ヘモグロビン血症
高血圧網膜症,10,10,10,名詞,疾患名,*,*,*,*,高血圧性網膜症,高血圧性網膜症,高血圧性網膜症
高血圧性網膜症,10,10,10,名詞,疾患名,*,*,*,*,高血圧性網膜症,高血圧性網膜症,高血圧性網膜症
腰部脊柱管狭窄症,10,10,10,名詞,疾患名,*,*,*,*,腰部脊柱管狭窄症,腰部脊柱管狭窄症,腰部脊柱管狭窄症
混合性結合組織病,10,10,10,名詞,疾患名,*,*,*,*,混合性結合組織病,混合性結合組織病,混合性結合組織病
酸素欠乏症,10,10,10,名詞,疾患名,*,*,*,*,酸素欠乏症,酸素欠乏症,酸素欠乏症
子宮内膜増殖症,10,10,10,名詞,疾患名,*,*,*,*,子宮内膜増殖症,子宮内膜増殖症,子宮内膜増殖症
子宮内膜症性嚢胞,10,10,10,名詞,疾患名,*,*,*,*,子宮内膜症性嚢胞,子宮内膜症性嚢胞,子宮内膜症性嚢胞
紫斑病性腎炎,10,10,10,名詞,疾患名,*,*,*,*,紫斑病性腎炎,紫斑病性腎炎,紫斑病性腎炎
蛇咬症,10,10,10,名詞,疾患名,*,*,*,*,蛇咬症,蛇咬症,蛇咬症
腫瘍性液性因子性高カルシウム血症〈HHM〉,10,10,10,名詞,疾患名,*,*,*,*,腫瘍性液性因子性高カルシウム血症〈HHM〉,腫瘍性液性因子性高カルシウム血症〈HHM〉,腫瘍性液性因子性高カルシウム血症〈HHM〉
腫瘍性骨軟化症,10,10,10,名詞,疾患名,*,*,*,*,腫瘍性骨軟化症,腫瘍性骨軟化症,腫瘍性骨軟化症
腫瘍性低リン血症性骨軟化症,10,10,10,名詞,疾患名,*,*,*,*,腫瘍性低リン血症性骨軟化症,腫瘍性低リン血症性骨軟化症,腫瘍性低リン血症性骨軟化症
周産期心筋症,10,10,10,名詞,疾患名,*,*,*,*,周産期心筋症,周産期心筋症,周産期心筋症
習慣性便秘症,10,10,10,名詞,疾患名,*,*,*,*,習慣性便秘症,習慣性便秘症,習慣性便秘症
十二指腸閉鎖症,10,10,10,名詞,疾患名,*,*,*,*,十二指腸閉鎖症,十二指腸閉鎖症,十二指腸閉鎖症
重症筋無力症,10,10,10,名詞,疾患名,*,*,*,*,重症筋無力症,重症筋無力症,重症筋無力症
重症筋無力症クリーゼ,10,10,10,名詞,疾患名,*,*,*,*,重症筋無力症クリーゼ,重症筋無力症クリーゼ,重症筋無力症クリーゼ
重症複合免疫不全症,10,10,10,名詞,疾患名,*,*,*,*,重症複合免疫不全症,重症複合免疫不全症,重症複合免疫不全症
掌蹠膿疱症性骨関節炎,10,10,10,名詞,疾患名,*,*,*,*,掌蹠膿疱症性骨関節炎,掌蹠膿疱症性骨関節炎,掌蹠膿疱症性骨関節炎
消化管閉塞症,10,10,10,名詞,疾患名,*,*,*,*,消化管閉塞症,消化管閉塞症,消化管閉塞症
症候性てんかん,10,10,10,名詞,疾患名,*,*,*,*,症候性てんかん,症候性てんかん,症候性てんかん
症状性精神障害,10,10,10,名詞,疾患名,*,*,*,*,症状性精神障害,症状性精神障害,症状性精神障害
症状性精神病,10,10,10,名詞,疾患名,*,*,*,*,症状性精神病,症状性精神病,症状性精神病
上腸間膜動脈血栓症,10,10,10,名詞,疾患名,*,*,*,*,上腸間膜動脈閉塞症,上腸間膜動脈閉塞症,上腸間膜動脈閉塞症
上腸間膜動脈閉塞症,10,10,10,名詞,疾患名,*,*,*,*,上腸間膜動脈閉塞症,上腸間膜動脈閉塞症,上腸間膜動脈閉塞症
常同運動症,10,10,10,名詞,疾患名,*,*,*,*,常同運動症,常同運動症,常同運動症
心肺虚脱型羊水塞栓症,10,10,10,名詞,疾患名,*,*,*,*,心肺虚脱型羊水塞栓症,心肺虚脱型羊水塞栓症,心肺虚脱型羊水塞栓症
心室中隔欠損症,10,10,10,名詞,疾患名,*,*,*,*,心室中隔欠損症,心室中隔欠損症,心室中隔欠損症
心内膜床欠損症,10,10,10,名詞,疾患名,*,*,*,*,心内膜床欠損症〈房室中隔欠損〉,心内膜床欠損症〈房室中隔欠損〉,心内膜床欠損症〈房室中隔欠損〉
房室中隔欠損,10,10,10,名詞,疾患名,*,*,*,*,心内膜床欠損症〈房室中隔欠損〉,心内膜床欠損症〈房室中隔欠損〉,心内膜床欠損症〈房室中隔欠損〉
心内膜床欠損症〈房室中隔欠損〉,10,10,10,名詞,疾患名,*,*,*,*,心内膜床欠損症〈房室中隔欠損〉,心内膜床欠損症〈房室中隔欠損〉,心内膜床欠損症〈房室中隔欠損〉
心房中隔欠損症,10,10,10,名詞,疾患名,*,*,*,*,心房中隔欠損症,心房中隔欠損症,心房中隔欠損症
神経性食思〈欲〉不振症,10,10,10,名詞,疾患名,*,*,*,*,神経性食思〈欲〉不振症,神経性食思〈欲〉不振症,神経性食思〈欲〉不振症
神経線維腫症Ｉ型,10,10,10,名詞,疾患名,*,*,*,*,神経線維腫症Ｉ型,神経線維腫症Ｉ型,神経線維腫症Ｉ型
神経病性関節症,10,10,10,名詞,疾患名,*,*,*,*,神経病性関節症,神経病性関節症,神経病性関節症
進行性多巣性白質脳症,10,10,10,名詞,疾患名,*,*,*,*,進行性多巣性白質脳症,進行性多巣性白質脳症,進行性多巣性白質脳症
腎血管性高血圧症,10,10,10,名詞,疾患名,*,*,*,*,腎血管性高血圧症,腎血管性高血圧症,腎血管性高血圧症
腎静脈血栓症,10,10,10,名詞,疾患名,*,*,*,*,腎静脈血栓症,腎静脈血栓症,腎静脈血栓症
水痘・帯状疱疹ウイルス感染症,10,10,10,名詞,疾患名,*,*,*,*,水痘・帯状疱疹ウイルス感染症,水痘・帯状疱疹ウイルス感染症,水痘・帯状疱疹ウイルス感染症
成長ホルモン分泌不全性低身長症,10,10,10,名詞,疾患名,*,*,*,*,成長ホルモン分泌不全性低身長症,成長ホルモン分泌不全性低身長症,成長ホルモン分泌不全性低身長症
正常圧水頭症,10,10,10,名詞,疾患名,*,*,*,*,正常圧水頭症,正常圧水頭症,正常圧水頭症
先天性副腎皮質過形成（17α-hydroxylase欠損症）,10,10,10,名詞,疾患名,*,*,*,*,先天性副腎皮質過形成（17α-hydroxylase欠損症）,先天性副腎皮質過形成（17α-hydroxylase欠損症）,先天性副腎皮質過形成（17α-hydroxylase欠損症）
先天性両側精管欠損症,10,10,10,名詞,疾患名,*,*,*,*,先天性両側精管欠損症,先天性両側精管欠損症,先天性両側精管欠損症
線維筋痛症,10,10,10,名詞,疾患名,*,*,*,*,線維筋痛症,線維筋痛症,線維筋痛症
遷延性低血糖症,10,10,10,名詞,疾患名,*,*,*,*,遷延性低血糖症,遷延性低血糖症,遷延性低血糖症
前頭側頭型認知症,10,10,10,名詞,疾患名,*,*,*,*,前頭側頭型認知症,前頭側頭型認知症,前頭側頭型認知症
全身性強皮症,10,10,10,名詞,疾患名,*,*,*,*,全身性硬化症〈強皮症〉,全身性硬化症〈強皮症〉,全身性硬化症〈強皮症〉
強皮症,10,10,10,名詞,疾患名,*,*,*,*,全身性硬化症〈強皮症〉,全身性硬化症〈強皮症〉,全身性硬化症〈強皮症〉
全身性硬化症〈強皮症〉,10,10,10,名詞,疾患名,*,*,*,*,全身性硬化症〈強皮症〉,全身性硬化症〈強皮症〉,全身性硬化症〈強皮症〉
総肺静脈還流異常症,10,10,10,名詞,疾患名,*,*,*,*,総肺静脈還流異常症,総肺静脈還流異常症,総肺静脈還流異常症
多発血管炎性肉芽腫症〈Wegener肉芽腫症〉,10,10,10,名詞,疾患名,*,*,*,*,多発血管炎性肉芽腫症〈Wegener肉芽腫症〉,多発血管炎性肉芽腫症〈Wegener肉芽腫症〉,多発血管炎性肉芽腫症〈Wegener肉芽腫症〉
多発性硬化症,10,10,10,名詞,疾患名,*,*,*,*,多発性硬化症,多発性硬化症,多発性硬化症
大脳皮質基底核変性症,10,10,10,名詞,疾患名,*,*,*,*,大脳皮質基底核変性症,大脳皮質基底核変性症,大脳皮質基底核変性症
大腿骨頭すべり症,10,10,10,名詞,疾患名,*,*,*,*,大腿骨頭すべり症,大腿骨頭すべり症,大腿骨頭すべり症
大腿静脈血栓症,10,10,10,名詞,疾患名,*,*,*,*,大腿静脈血栓症,大腿静脈血栓症,大腿静脈血栓症
第ⅩⅢ因子欠損症,10,10,10,名詞,疾患名,*,*,*,*,第ⅩⅢ因子欠損症,第ⅩⅢ因子欠損症,第ⅩⅢ因子欠損症
第ⅩⅢ因子欠乏症,10,10,10,名詞,疾患名,*,*,*,*,第ⅩⅢ因子欠損症,第ⅩⅢ因子欠損症,第ⅩⅢ因子欠損症
単純ヘルペスウイルス感染症,10,10,10,名詞,疾患名,*,*,*,*,単純ヘルペスウイルス感染症,単純ヘルペスウイルス感染症,単純ヘルペスウイルス感染症
単純ヘルペス感染症,10,10,10,名詞,疾患名,*,*,*,*,単純ヘルペスウイルス感染症,単純ヘルペスウイルス感染症,単純ヘルペスウイルス感染症
胆囊腺筋腫症,10,10,10,名詞,疾患名,*,*,*,*,胆囊腺筋腫症,胆囊腺筋腫症,胆囊腺筋腫症
胆嚢腺筋腫症,10,10,10,名詞,疾患名,*,*,*,*,胆囊腺筋腫症,胆囊腺筋腫症,胆囊腺筋腫症
蛋白漏出性胃腸症,10,10,10,名詞,疾患名,*,*,*,*,蛋白漏出性胃腸症,蛋白漏出性胃腸症,蛋白漏出性胃腸症
男性ホルモン不応症,10,10,10,名詞,疾患名,*,*,*,*,男性ホルモン不応症,男性ホルモン不応症,男性ホルモン不応症
男性型脱毛症,10,10,10,名詞,疾患名,*,*,*,*,男性型脱毛症,男性型脱毛症,男性型脱毛症
中心性漿液性脈絡網膜症,10,10,10,名詞,疾患名,*,*,*,*,中心性漿液性脈絡網膜症,中心性漿液性脈絡網膜症,中心性漿液性脈絡網膜症
中心性漿液性網脈絡膜症,10,10,10,名詞,疾患名,*,*,*,*,中心性漿液性脈絡網膜症,中心性漿液性脈絡網膜症,中心性漿液性脈絡網膜症
中毒性巨大結腸症,10,10,10,名詞,疾患名,*,*,*,*,中毒性巨大結腸症,中毒性巨大結腸症,中毒性巨大結腸症
中毒性表皮壊死剥離症,10,10,10,名詞,疾患名,*,*,*,*,中毒性表皮壊死剥離症〈TEN〉,中毒性表皮壊死剥離症〈TEN〉,中毒性表皮壊死剥離症〈TEN〉
TEN,10,10,10,名詞,疾患名,*,*,*,*,中毒性表皮壊死剥離症〈TEN〉,中毒性表皮壊死剥離症〈TEN〉,中毒性表皮壊死剥離症〈TEN〉
中毒性表皮壊死剥離症〈TEN〉,10,10,10,名詞,疾患名,*,*,*,*,中毒性表皮壊死剥離症〈TEN〉,中毒性表皮壊死剥離症〈TEN〉,中毒性表皮壊死剥離症〈TEN〉
腸回転異常症,10,10,10,名詞,疾患名,*,*,*,*,腸回転異常症,腸回転異常症,腸回転異常症
腸管軸捻転症,10,10,10,名詞,疾患名,*,*,*,*,腸管軸捻転症,腸管軸捻転症,腸管軸捻転症
腸管出血性大腸菌感染症,10,10,10,名詞,疾患名,*,*,*,*,腸管出血性大腸菌感染症,腸管出血性大腸菌感染症,腸管出血性大腸菌感染症
潰瘍性大腸炎,10,10,10,名詞,疾患名,*,*,*,*,潰瘍性大腸炎,潰瘍性大腸炎,潰瘍性大腸炎
低Ca血症,10,10,10,名詞,疾患名,*,*,*,*,低Ca血症,低Ca血症,低Ca血症
低HDLコレステロール血症,10,10,10,名詞,疾患名,*,*,*,*,低HDLコレステロール血症,低HDLコレステロール血症,低HDLコレステロール血症
低K血症,10,10,10,名詞,疾患名,*,*,*,*,低K血症,低K血症,低K血症
低Na血症,10,10,10,名詞,疾患名,*,*,*,*,低Na血症,低Na血症,低Na血症
低P血症,10,10,10,名詞,疾患名,*,*,*,*,低P血症,低P血症,低P血症
低プロラクチン血症,10,10,10,名詞,疾患名,*,*,*,*,低プロラクチン血症,低プロラクチン血症,低プロラクチン血症
低γ-グロブリン血症,10,10,10,名詞,疾患名,*,*,*,*,低γ-グロブリン血症,低γ-グロブリン血症,低γ-グロブリン血症
低カルシウム尿症,10,10,10,名詞,疾患名,*,*,*,*,低カルシウム尿症,低カルシウム尿症,低カルシウム尿症
鉄欠乏性貧血,10,10,10,名詞,疾患名,*,*,*,*,鉄欠乏性貧血,鉄欠乏性貧血,鉄欠乏性貧血
点状表層角膜症,10,10,10,名詞,疾患名,*,*,*,*,点状表層角膜症,点状表層角膜症,点状表層角膜症
伝染性単核球症,10,10,10,名詞,疾患名,*,*,*,*,伝染性単核球症,伝染性単核球症,伝染性単核球症
伝染性単核症,10,10,10,名詞,疾患名,*,*,*,*,伝染性単核球症,伝染性単核球症,伝染性単核球症
糖尿病腎症,10,10,10,名詞,疾患名,*,*,*,*,糖尿病性腎症,糖尿病性腎症,糖尿病性腎症
糖尿病性腎症,10,10,10,名詞,疾患名,*,*,*,*,糖尿病性腎症,糖尿病性腎症,糖尿病性腎症
糖尿病網膜症,10,10,10,名詞,疾患名,*,*,*,*,糖尿病網膜症,糖尿病網膜症,糖尿病網膜症
拡張型心筋症,10,10,10,名詞,疾患名,*,*,*,*,特発性拡張型心筋症,特発性拡張型心筋症,特発性拡張型心筋症
特発性拡張型心筋症,10,10,10,名詞,疾患名,*,*,*,*,特発性拡張型心筋症,特発性拡張型心筋症,特発性拡張型心筋症
正常圧水頭症,10,10,10,名詞,疾患名,*,*,*,*,正常圧水頭症,正常圧水頭症,正常圧水頭症
特発性正常圧水頭症,10,10,10,名詞,疾患名,*,*,*,*,正常圧水頭症,正常圧水頭症,正常圧水頭症
IPF,10,10,10,名詞,疾患名,*,*,*,*,特発性肺線維症〈IPF〉,特発性肺線維症〈IPF〉,特発性肺線維症〈IPF〉
特発性肺線維症,10,10,10,名詞,疾患名,*,*,*,*,特発性肺線維症〈IPF〉,特発性肺線維症〈IPF〉,特発性肺線維症〈IPF〉
特発性肺線維症〈IPF〉,10,10,10,名詞,疾患名,*,*,*,*,特発性肺線維症〈IPF〉,特発性肺線維症〈IPF〉,特発性肺線維症〈IPF〉
特発性肺動脈性肺高血圧症,10,10,10,名詞,疾患名,*,*,*,*,特発性肺動脈性肺高血圧症,特発性肺動脈性肺高血圧症,特発性肺動脈性肺高血圧症
特発性副甲状腺機能低下症,10,10,10,名詞,疾患名,*,*,*,*,特発性副甲状腺機能低下症,特発性副甲状腺機能低下症,特発性副甲状腺機能低下症
特発性門脈圧亢進症,10,10,10,名詞,疾患名,*,*,*,*,特発性門脈圧亢進症,特発性門脈圧亢進症,特発性門脈圧亢進症
二次性副甲状腺機能亢進症,10,10,10,名詞,疾患名,*,*,*,*,二次性副甲状腺機能亢進症,二次性副甲状腺機能亢進症,二次性副甲状腺機能亢進症
尿酸腎症〈痛風腎〉,10,10,10,名詞,疾患名,*,*,*,*,尿酸腎症〈痛風腎〉,尿酸腎症〈痛風腎〉,尿酸腎症〈痛風腎〉
妊娠悪阻,10,10,10,名詞,疾患名,*,*,*,*,妊娠悪阻,妊娠悪阻,妊娠悪阻
脳血管性認知症,10,10,10,名詞,疾患名,*,*,*,*,脳血管性認知症,脳血管性認知症,脳血管性認知症
敗血症性ショック,10,10,10,名詞,疾患名,*,*,*,*,敗血症性ショック,敗血症性ショック,敗血症性ショック
肺ムーコル症,10,10,10,名詞,疾患名,*,*,*,*,肺ムーコル症,肺ムーコル症,肺ムーコル症
肺リンパ脈管筋腫症〈LAM〉,10,10,10,名詞,疾患名,*,*,*,*,肺リンパ脈管筋腫症〈LAM〉,肺リンパ脈管筋腫症〈LAM〉,肺リンパ脈管筋腫症〈LAM〉
肺血栓塞栓症,10,10,10,名詞,疾患名,*,*,*,*,肺血栓塞栓症,肺血栓塞栓症,肺血栓塞栓症
梅毒性脱毛症,10,10,10,名詞,疾患名,*,*,*,*,梅毒性脱毛症,梅毒性脱毛症,梅毒性脱毛症
発作性夜間血色素尿症,10,10,10,名詞,疾患名,*,*,*,*,発作性夜間血色素尿症,発作性夜間血色素尿症,発作性夜間血色素尿症
肥厚性幽門狭窄症,10,10,10,名詞,疾患名,*,*,*,*,肥厚性幽門狭窄症,肥厚性幽門狭窄症,肥厚性幽門狭窄症
肥大型閉塞性心筋症,10,10,10,名詞,疾患名,*,*,*,*,肥大型閉塞性心筋症,肥大型閉塞性心筋症,肥大型閉塞性心筋症
非ステロイド性抗炎症薬,10,10,10,名詞,疾患名,*,*,*,*,非ステロイド性抗炎症薬〈NSAIDs〉,非ステロイド性抗炎症薬〈NSAIDs〉,非ステロイド性抗炎症薬〈NSAIDs〉
非ステロイド性抗炎症薬〈NSAID〉,10,10,10,名詞,疾患名,*,*,*,*,非ステロイド性抗炎症薬〈NSAIDs〉,非ステロイド性抗炎症薬〈NSAIDs〉,非ステロイド性抗炎症薬〈NSAIDs〉
非ステロイド性抗炎症薬〈NSAIDs〉,10,10,10,名詞,疾患名,*,*,*,*,非ステロイド性抗炎症薬〈NSAIDs〉,非ステロイド性抗炎症薬〈NSAIDs〉,非ステロイド性抗炎症薬〈NSAIDs〉
非結核性〈非定型〉抗酸菌症,10,10,10,名詞,疾患名,*,*,*,*,非結核性抗酸菌症,非結核性抗酸菌症,非結核性抗酸菌症
非結核性抗酸菌症,10,10,10,名詞,疾患名,*,*,*,*,非結核性抗酸菌症,非結核性抗酸菌症,非結核性抗酸菌症
非閉塞性腸管虚血症,10,10,10,名詞,疾患名,*,*,*,*,非閉塞性腸管虚血症,非閉塞性腸管虚血症,非閉塞性腸管虚血症
非閉塞性無精子症,10,10,10,名詞,疾患名,*,*,*,*,非閉塞性無精子症,非閉塞性無精子症,非閉塞性無精子症
微量元素欠乏症,10,10,10,名詞,疾患名,*,*,*,*,微量元素欠乏症,微量元素欠乏症,微量元素欠乏症
浮腫性硬化症,10,10,10,名詞,疾患名,*,*,*,*,浮腫性硬化症,浮腫性硬化症,浮腫性硬化症
副腎皮質機能低下症,10,10,10,名詞,疾患名,*,*,*,*,副腎皮質機能低下症,副腎皮質機能低下症,副腎皮質機能低下症
閉経後骨粗鬆症,10,10,10,名詞,疾患名,*,*,*,*,閉経後骨粗鬆症,閉経後骨粗鬆症,閉経後骨粗鬆症
閉塞性動脈硬化症,10,10,10,名詞,疾患名,*,*,*,*,閉塞性動脈硬化症,閉塞性動脈硬化症,閉塞性動脈硬化症
閉塞性肥大型心筋症,10,10,10,名詞,疾患名,*,*,*,*,閉塞性肥大型心筋症,閉塞性肥大型心筋症,閉塞性肥大型心筋症
閉塞性無精子症,10,10,10,名詞,疾患名,*,*,*,*,閉塞性無精子症,閉塞性無精子症,閉塞性無精子症
変形性関節症,10,10,10,名詞,疾患名,*,*,*,*,変形性関節症,変形性関節症,変形性関節症
変形性股関節症,10,10,10,名詞,疾患名,*,*,*,*,変形性股関節症,変形性股関節症,変形性股関節症
変形性脊椎症,10,10,10,名詞,疾患名,*,*,*,*,変形性脊椎症,変形性脊椎症,変形性脊椎症
変形性膝関節症,10,10,10,名詞,疾患名,*,*,*,*,変形性膝関節症,変形性膝関節症,変形性膝関節症
変形性頸椎症,10,10,10,名詞,疾患名,*,*,*,*,変形性頸椎症,変形性頸椎症,変形性頸椎症
慢性間質性腎炎,10,10,10,名詞,疾患名,*,*,*,*,慢性間質性腎炎,慢性間質性腎炎,慢性間質性腎炎
慢性炎症に伴う貧血,10,10,10,名詞,疾患名,*,*,*,*,慢性炎症に伴う貧血,慢性炎症に伴う貧血,慢性炎症に伴う貧血
慢性炎症性脱髄性多発根神経炎,10,10,10,名詞,疾患名,*,*,*,*,慢性炎症性脱髄性多発根神経炎,慢性炎症性脱髄性多発根神経炎,慢性炎症性脱髄性多発根神経炎
慢性肉芽腫症,10,10,10,名詞,疾患名,*,*,*,*,慢性肉芽腫症,慢性肉芽腫症,慢性肉芽腫症
慢性肺血栓塞栓性,10,10,10,名詞,疾患名,*,*,*,*,慢性肺血栓塞栓性,慢性肺血栓塞栓性,慢性肺血栓塞栓性
無症候性細菌尿,10,10,10,名詞,疾患名,*,*,*,*,無症候性細菌尿,無症候性細菌尿,無症候性細菌尿
毛細血管拡張性失調症,10,10,10,名詞,疾患名,*,*,*,*,毛細血管拡張性失調症,毛細血管拡張性失調症,毛細血管拡張性失調症
網膜中心動脈閉塞症小視症,10,10,10,名詞,疾患名,*,*,*,*,網膜中心動脈閉塞症小視症,網膜中心動脈閉塞症小視症,網膜中心動脈閉塞症小視症
薬剤性血小板減少症,10,10,10,名詞,疾患名,*,*,*,*,薬剤性血小板減少症,薬剤性血小板減少症,薬剤性血小板減少症
薬物依存症（中毒）に伴う心筋症,10,10,10,名詞,疾患名,*,*,*,*,薬物依存症（中毒）に伴う心筋症,薬物依存症（中毒）に伴う心筋症,薬物依存症（中毒）に伴う心筋症
溶連菌感染症,10,10,10,名詞,疾患名,*,*,*,*,溶連菌感染症,溶連菌感染症,溶連菌感染症
良性発作性頭位めまい症,10,10,10,名詞,疾患名,*,*,*,*,良性発作性頭位眩暈症,良性発作性頭位眩暈症,良性発作性頭位眩暈症
良性発作性頭位眩暈症,10,10,10,名詞,疾患名,*,*,*,*,良性発作性頭位眩暈症,良性発作性頭位眩暈症,良性発作性頭位眩暈症
肺アスペルギルス症,10,10,10,名詞,疾患名,*,*,*,*,肺アスペルギルス症,肺アスペルギルス症,肺アスペルギルス症
頸椎症性神経根症,10,10,10,名詞,疾患名,*,*,*,*,頸椎症性神経根症,頸椎症性神経根症,頸椎症性神経根症
頸椎症性脊髄症,10,10,10,名詞,疾患名,*,*,*,*,頸椎性脊髄症,頸椎性脊髄症,頸椎性脊髄症
頸椎性脊髄症,10,10,10,名詞,疾患名,*,*,*,*,頸椎性脊髄症,頸椎性脊髄症,頸椎性脊髄症
頸動脈狭窄症,10,10,10,名詞,疾患名,*,*,*,*,頸動脈狭窄症,頸動脈狭窄症,頸動脈狭窄症
頸動脈硬化症,10,10,10,名詞,疾患名,*,*,*,*,頸動脈硬化症,頸動脈硬化症,頸動脈硬化症
